"match_id","match_date","home_team.home_team_name","away_team.away_team_name","home_score","away_score"
7586,"2018-07-03","Sweden","Switzerland",1,0
7581,"2018-07-01","Croatia","Denmark",1,1
7584,"2018-07-02","Belgium","Japan",3,2
7579,"2018-06-30","Uruguay","Portugal",2,1
7582,"2018-07-01","Spain","Russia",1,1
7583,"2018-07-02","Brazil","Mexico",2,0
7585,"2018-07-03","Colombia","England",1,1
7545,"2018-06-21","Argentina","Croatia",0,3
7547,"2018-06-21","Denmark","Australia",1,1
7564,"2018-06-26","Nigeria","Argentina",1,2
7562,"2018-06-26","Australia","Peru",0,2
7563,"2018-06-26","Denmark","France",0,0
7561,"2018-06-26","Iceland","Croatia",1,2
7567,"2018-06-27","South Korea","Germany",2,0
7565,"2018-06-27","Serbia","Brazil",0,2
7566,"2018-06-27","Mexico","Sweden",0,3
7568,"2018-06-27","Switzerland","Costa Rica",2,2
7559,"2018-06-25","Saudi Arabia","Egypt",2,1
7556,"2018-06-24","Japan","Senegal",2,2
7558,"2018-06-25","Uruguay","Russia",3,0
7557,"2018-06-25","Iran","Portugal",1,1
7549,"2018-06-22","Nigeria","Iceland",2,0
7553,"2018-06-23","South Korea","Mexico",1,2
7554,"2018-06-24","England","Panama",6,1
7572,"2018-06-28","Japan","Poland",0,1
7555,"2018-06-24","Poland","Colombia",0,3
7569,"2018-06-28","Panama","Tunisia",1,2
7571,"2018-06-28","Senegal","Colombia",0,1
7548,"2018-06-22","Brazil","Costa Rica",2,0
7550,"2018-06-22","Serbia","Switzerland",1,2
7530,"2018-06-16","France","Australia",2,1
7570,"2018-06-28","England","Belgium",0,1
7576,"2018-06-15","Portugal","Spain",3,3
7577,"2018-06-15","Morocco","Iran",0,1
7541,"2018-06-19","Colombia","Japan",1,2
7540,"2018-06-19","Russia","Egypt",3,1
7531,"2018-06-16","Argentina","Iceland",1,1
7532,"2018-06-16","Peru","Denmark",0,1
7578,"2018-06-15","Egypt","Uruguay",0,1
7538,"2018-06-18","Sweden","South Korea",1,0
7542,"2018-06-20","Portugal","Morocco",1,0
7544,"2018-06-20","Uruguay","Saudi Arabia",1,0
7533,"2018-06-17","Brazil","Switzerland",1,1
7539,"2018-06-19","Poland","Senegal",1,2
7534,"2018-06-17","Germany","Mexico",0,1
7543,"2018-06-20","Iran","Spain",0,1
7525,"2018-06-14","Russia","Saudi Arabia",5,0
7529,"2018-06-16","Croatia","Nigeria",2,0
7537,"2018-06-18","Tunisia","England",1,2
7535,"2018-06-17","Costa Rica","Serbia",0,1
7536,"2018-06-18","Belgium","Panama",3,0
7546,"2018-06-21","France","Peru",1,0
8657,"2018-07-14","Belgium","England",2,0
8658,"2018-07-15","France","Croatia",4,2
8655,"2018-07-10","France","Belgium",1,0
8656,"2018-07-11","Croatia","England",2,1
8652,"2018-07-07","Russia","Croatia",2,2
8649,"2018-07-06","Uruguay","France",0,2
8650,"2018-07-06","Brazil","Belgium",1,2
8651,"2018-07-07","Sweden","England",0,2
7560,"2018-06-25","Spain","Morocco",2,2
7552,"2018-06-23","Belgium","Tunisia",5,2
7551,"2018-06-23","Germany","Sweden",2,1
7580,"2018-06-30","France","Argentina",4,3