	Match_ID	Status	Duration	Hero ID	Kills	Deaths	Assists	Player ID
0	4245073602	True	2469	101	18	6	11	205562158
1	4243724313	True	2095	101	10	9	7	205562158
2	4243653089	True	2431	16	5	11	24	205562158
3	4243598901	True	1753	34	3	9	4	205562158
4	4242842060	False	1969	59	9	6	9	205562158
5	4242776080	False	2410	74	5	8	13	205562158
6	4242218644	True	2482	74	16	1	14	205562158
7	4239617800	True	1396	17	5	8	2	205562158
8	4239529276	True	2899	13	7	9	10	205562158
9	4238967720	False	3212	45	4	18	24	205562158
10	4238904301	False	1299	9	0	5	6	205562158
11	4238840943	True	1301	98	5	9	5	205562158
12	4238725961	True	2559	2	6	12	18	205562158
13	4234739565	False	2232	2	4	11	20	205562158
14	4234667306	True	1935	107	4	7	13	205562158
15	4233812446	True	1855	107	1	5	8	205562158
16	4233744955	True	2637	86	4	13	20	205562158
17	4221396543	True	1713	106	5	7	13	205562158
18	4221353316	False	1638	7	1	5	2	205562158
19	4221283447	False	1931	12	4	5	6	205562158
20	4221219296	True	2423	12	7	6	9	205562158
21	4220003130	False	2879	86	5	9	25	205562158
22	4219955731	False	2598	114	6	12	14	205562158
23	4219830826	False	2462	1	4	2	2	205562158
24	4219777191	True	2060	5	1	10	26	205562158
25	4218472978	True	2159	86	4	2	16	205562158
26	4218317026	True	1698	96	10	7	19	205562158
27	4216991525	True	2297	7	11	5	22	205562158
28	4216941113	True	1806	19	4	9	5	205562158
29	4215383319	True	2595	112	5	9	15	205562158
30	4213556511	False	3278	10	13	9	28	205562158
31	4213492535	True	1256	110	2	9	2	205562158
32	4052798451	True	1527	32	5	4	2	205562158
33	4034683161	True	3493	7	7	14	33	205562158
34	4034458797	False	2397	41	5	10	10	205562158
35	4033850408	True	3177	32	6	17	13	205562158
36	4033794213	True	3197	28	3	12	15	205562158
37	4033716522	False	3600	32	6	9	20	205562158
38	4033019133	True	2095	32	16	6	19	205562158
39	4032802913	True	2902	110	4	10	17	205562158
40	4032660459	False	2187	100	2	12	16	205562158
41	4032497435	True	2842	32	15	6	21	205562158
42	4032342819	False	3106	32	12	9	24	205562158
43	4031902160	True	3743	32	16	9	30	205562158
44	4031805467	True	2250	110	10	9	6	205562158
45	4031683609	True	2086	110	0	0	1	205562158
46	4031633196	True	1753	17	5	11	10	205562158
47	4030122621	True	3544	106	8	11	22	205562158
48	4030031642	True	3252	110	7	13	18	205562158
49	4028527533	False	2537	56	14	5	15	205562158
50	4028465149	False	1874	74	2	10	3	205562158
51	4028235906	False	2794	110	2	10	27	205562158
52	4028167835	False	2632	110	5	13	25	205562158
53	4028092504	False	2173	110	7	7	25	205562158
54	4026206743	False	3204	110	5	9	27	205562158
55	4026153196	True	2844	32	3	8	11	205562158
56	4026086802	False	2139	93	8	8	5	205562158
57	4025990763	False	3420	21	2	14	16	205562158
58	4019146131	True	2525	106	17	7	21	205562158
59	4018980963	False	2750	21	4	15	23	205562158
60	4018871033	True	2176	57	2	13	13	205562158
61	4018766141	True	2475	90	1	10	16	205562158
62	4017051844	False	2798	74	7	10	14	205562158
63	4016921035	True	2755	71	7	14	31	205562158
64	4016765607	True	2657	49	9	9	11	205562158
65	4016638403	True	2738	73	9	8	19	205562158
66	4016563232	False	2316	108	5	17	23	205562158
67	4015798017	True	3816	41	15	12	26	205562158
68	4015728343	True	2615	73	8	7	8	205562158
69	4015663457	False	2241	70	11	5	16	205562158
70	4015587156	False	2077	114	4	12	8	205562158
71	4015170700	True	3031	16	4	11	19	205562158
72	4015046033	True	2512	114	5	7	5	205562158
73	4014950927	False	2197	17	6	6	13	205562158
74	4014132661	False	2251	13	5	10	15	205562158
75	4012549280	False	2166	114	7	10	7	205562158
76	4012469443	False	2889	74	12	10	8	205562158
77	4012308739	True	2936	35	18	10	24	205562158
78	4012092119	True	2835	14	2	15	19	205562158
79	4011945371	True	2798	114	22	8	20	205562158
80	4011723370	True	2471	7	5	7	19	205562158
81	4010959614	True	4075	114	10	11	15	205562158
82	4010626189	True	2841	74	9	8	11	205562158
83	3962945468	False	3357	3	5	14	16	205562158
84	3962857505	False	2324	7	7	6	14	205562158
85	3962773694	False	2795	26	7	16	12	205562158
86	3950012557	True	3492	34	7	7	12	205562158
87	3949914801	True	1890	54	6	6	6	205562158
88	3949811970	True	2106	44	10	6	12	205562158
89	3949631555	True	2747	97	3	6	26	205562158
90	3949519964	False	1874	74	13	2	10	205562158
91	3947014468	True	3047	25	17	9	19	205562158
92	3946258026	False	2209	39	10	8	9	205562158
93	3946143356	False	2607	34	4	6	3	205562158
94	3944835651	False	3119	120	12	11	20	205562158
95	3944740297	True	2498	74	15	6	22	205562158
96	3944251865	False	2117	26	2	10	9	205562158
97	3944172316	True	1625	83	3	11	4	205562158
98	3944085657	True	1846	25	6	5	10	205562158
99	3943979751	True	1829	74	5	5	6	205562158
100	3943675945	True	2005	1	6	4	3	205562158
101	3942609279	False	3951	34	10	12	14	205562158
102	3942472038	True	3560	74	12	10	15	205562158
103	3941996527	False	2205	74	7	4	6	205562158
104	3941899411	False	1577	23	4	5	4	205562158
105	3941625003	True	5360	12	19	9	17	205562158
106	3940590670	True	2433	18	6	4	22	205562158
107	3940446204	True	3049	8	23	5	9	205562158
108	3940339012	True	2645	1	4	4	1	205562158
109	3940081381	True	2857	26	12	13	12	205562158
110	3939966709	False	2866	43	13	9	10	205562158
111	3939790457	False	2820	41	16	8	24	205562158
112	3939678773	False	3310	12	21	6	18	205562158
113	3938752446	False	4131	93	15	16	18	205562158
114	3938681236	False	2046	14	5	15	8	205562158
115	3938622789	True	1602	106	0	8	7	205562158
116	3938545699	False	1934	17	12	2	13	205562158
117	3938401820	True	1932	94	13	1	16	205562158
118	3938252726	False	3405	12	15	5	16	205562158
119	3938073083	False	3300	8	14	8	20	205562158
120	3937888170	False	2578	23	9	8	6	205562158
121	3937825222	False	2087	4	16	12	10	205562158
122	3936725478	False	3227	106	15	12	25	205562158
123	3936613361	True	1987	9	7	4	12	205562158
124	3936473600	False	2479	43	8	10	11	205562158
125	3936349966	True	2783	106	17	6	15	205562158
126	3936262151	True	2504	56	16	8	7	205562158
127	3936169364	False	3047	1	13	2	7	205562158
128	3936059983	True	2887	93	18	8	16	205562158
129	3935270021	False	2713	32	5	7	25	205562158
130	3935196905	False	2357	32	5	7	13	205562158
131	3934904012	True	3002	22	12	2	26	205562158
132	3934740963	True	3838	10	23	5	15	205562158
133	3934296278	False	3246	25	17	9	11	205562158
134	3934243064	False	1905	44	10	9	6	205562158
135	3934129074	False	2611	60	7	9	12	205562158
136	3933279752	False	4510	86	6	10	26	205562158
137	3933093965	False	2455	86	6	12	20	205562158
138	3932960410	True	2554	32	5	10	11	205562158
139	3932754627	False	3145	32	8	13	28	205562158
140	3932534952	False	2497	47	9	6	3	205562158
141	3931853555	True	3332	103	2	9	18	205562158
142	3931791979	True	2056	67	10	7	10	205562158
143	3931734171	False	2259	18	4	7	7	205562158
144	3931615570	False	4538	95	9	14	23	205562158
145	3931527999	True	1930	97	1	13	2	205562158
146	3931162611	False	2490	119	16	4	17	205562158
147	3930767021	False	2912	65	12	9	18	205562158
148	3929298328	True	2365	120	11	10	22	205562158
149	3928958848	False	4072	62	10	14	37	205562158
150	3928852666	True	2156	100	8	7	25	205562158
151	3928216116	True	2266	10	3	3	6	205562158
152	3926957463	False	4766	113	16	5	19	205562158
153	3924751303	False	2006	1	5	1	4	205562158
154	3924664112	False	2484	10	8	4	11	205562158
155	3924562038	False	2427	16	10	8	20	205562158
156	3924450282	False	3595	1	13	5	8	205562158
157	3924372420	True	2466	4	9	13	11	205562158
158	3923023069	False	2153	1	16	1	13	205562158
159	3922914211	True	2678	15	7	5	19	205562158
160	3922830226	False	2055	93	25	2	10	205562158
161	3922678174	False	2797	54	7	5	15	205562158
162	3922569322	True	3410	1	19	4	18	205562158
163	3922512195	True	1742	10	11	1	4	205562158
164	3921109769	False	1555	1	2	6	2	205562158
165	3921003542	False	3095	62	6	7	36	205562158
166	3920927845	True	2274	74	10	6	12	205562158
167	3920838928	True	2220	22	1	9	7	205562158
168	3920758872	True	2561	47	11	7	17	205562158
169	3919980267	False	3917	62	5	10	26	205562158
170	3919811838	True	2645	21	7	13	9	205562158
171	3919275842	True	3411	57	4	17	13	205562158
172	3919193794	True	1374	74	9	2	14	205562158
173	3919112373	False	2003	25	7	7	6	205562158
174	3919030794	True	2273	49	3	13	13	205562158
175	3918963364	True	2058	34	11	4	5	205562158
176	3918818812	True	4512	17	18	15	34	205562158
177	3918670292	True	1768	9	3	6	10	205562158
178	3918085939	False	2881	106	14	8	7	205562158
179	3917194723	True	3007	106	23	7	27	205562158
180	3916729893	False	1933	39	7	6	5	205562158
181	3916662218	True	1486	93	7	4	11	205562158
182	3915753607	True	3377	106	24	8	15	205562158
183	3915644786	False	2389	25	6	4	6	205562158
184	3915222091	True	1929	2	11	4	14	205562158
185	3915121622	True	2019	21	10	1	10	205562158
186	3914657614	False	3229	39	15	5	12	205562158
187	3914546760	True	2214	34	5	11	6	205562158
188	3914450668	False	1987	47	10	4	8	205562158
189	3910886676	False	3752	39	32	5	17	205562158
190	3910812288	True	1749	2	3	11	10	205562158
191	3910730060	True	1611	2	7	11	4	205562158
192	3910661739	False	1979	23	4	6	6	205562158
193	3901532742	False	2614	2	10	9	11	205562158
194	3900818625	False	2389	74	4	3	8	205562158
195	3900704828	True	1923	1	3	3	1	205562158
196	3900564246	False	1637	71	3	9	14	205562158
197	3900078401	False	4058	58	11	7	15	205562158
198	3898537522	False	2517	2	27	7	18	205562158
199	3898405203	False	2504	34	11	7	15	205562158
200	3795274800	False	2844	43	6	11	15	171179990
201	3790868433	True	1949	86	2	13	18	171179990
202	3790828139	True	1778	29	5	4	11	171179990
203	3786415984	False	3089	16	9	7	20	171179990
204	3786027839	False	2713	14	7	11	16	171179990
205	3785960755	False	1350	65	5	2	12	171179990
206	3784418427	True	3274	8	11	7	9	171179990
207	3783633166	False	2635	11	6	12	11	171179990
208	3780789279	False	1825	106	5	8	3	171179990
209	3779544557	True	2595	86	5	14	12	171179990
210	3779463398	False	1498	11	3	2	2	171179990
211	3779225228	True	2309	43	3	5	5	171179990
212	3778863999	False	3099	44	10	5	19	171179990
213	3778805770	True	1505	72	2	6	1	171179990
214	3778731913	False	2322	11	6	1	18	171179990
215	3776611192	True	1875	72	5	3	8	171179990
216	3776552990	True	3566	11	16	7	16	171179990
217	3775650182	True	1711	119	1	13	3	171179990
218	3775549431	False	2715	72	7	10	25	171179990
219	3775448037	False	2675	27	1	11	12	171179990
220	3772747106	True	3368	86	2	17	17	171179990
221	3772708600	True	1722	14	1	4	10	171179990
222	3772612639	True	3124	11	15	8	16	171179990
223	3772332724	True	2199	84	7	6	23	171179990
224	3772200670	False	2197	17	7	8	12	171179990
225	3770378892	True	1644	43	4	7	1	171179990
226	3766116430	True	1525	108	0	7	2	171179990
227	3766038664	False	3193	2	7	12	16	171179990
228	3764677349	False	2095	62	5	6	19	171179990
229	3764617371	True	2826	96	5	6	27	171179990
230	3105811097	True	3101	52	7	12	13	171179990
231	3105710230	False	1711	104	12	2	10	171179990
232	3105584175	False	2031	97	2	9	5	171179990
233	3103556640	False	2674	97	6	4	16	171179990
234	3103428660	False	2841	2	14	9	21	171179990
235	3101530830	True	1875	97	4	3	14	171179990
236	3101447581	True	1926	14	1	12	10	171179990
237	3079262241	False	3311	97	3	11	10	171179990
238	3079105996	False	3162	97	8	11	20	171179990
239	3079028314	False	1897	68	4	6	10	171179990
240	3078893905	True	3338	41	15	7	19	171179990
241	3078718291	False	2874	50	1	11	14	171179990
242	3078585968	False	1968	1	9	2	2	171179990
243	3076255607	True	1899	104	4	3	13	171179990
244	3076142200	True	3574	90	9	7	42	171179990
245	3065221694	True	3684	23	14	15	24	171179990
246	3065134360	False	1609	100	4	2	14	171179990
247	3063714401	False	3433	97	6	10	16	171179990
248	3063670951	False	2212	97	10	6	4	171179990
249	3062983200	True	2782	37	10	7	20	171179990
250	3062913688	False	692	19	0	1	0	171179990
251	3062537129	False	3032	63	5	1	18	171179990
252	3062431723	True	1574	61	16	1	9	171179990
253	3062327139	True	2063	97	4	3	12	171179990
254	3048380480	False	3093	61	12	9	10	171179990
255	3044819718	True	3536	26	6	10	17	171179990
256	3044653364	False	2711	86	9	8	29	171179990
257	3043759949	True	1802	61	10	5	4	171179990
258	3043686166	False	2957	2	12	7	11	171179990
259	3043622062	False	2573	14	10	11	6	171179990
260	3042952304	True	3157	61	16	6	7	171179990
261	3042859629	True	2002	14	10	6	18	171179990
262	3042613926	False	1741	103	1	3	23	171179990
263	3042525041	True	2039	80	20	2	9	171179990
264	3042347390	True	3281	83	3	6	19	171179990
265	3042033652	True	2153	97	4	3	11	171179990
266	3041965509	True	1822	57	0	5	11	171179990
267	3041892482	False	2558	9	4	8	10	171179990
268	3041826524	True	2033	2	16	4	15	171179990
269	3041757635	True	2395	97	7	8	3	171179990
270	3039967501	True	1749	61	8	2	4	171179990
271	3039892415	False	3040	97	7	5	17	171179990
272	3039799958	True	3401	63	11	9	8	171179990
273	3035196962	True	2051	108	1	4	2	171179990
274	3035090028	True	2469	88	7	5	15	171179990
275	3034939521	True	2473	83	4	6	12	171179990
276	3031793244	True	1548	84	2	8	3	171179990
277	3031719133	False	2308	11	4	10	9	171179990
278	3031642956	True	2430	9	4	9	7	171179990
279	3005442267	False	2483	32	12	5	24	171179990
280	2994418013	True	2345	88	6	12	11	171179990
281	2988790010	True	1981	16	5	8	8	171179990
282	2984578452	True	2043	88	2	10	8	171179990
283	2984481479	False	3031	75	1	7	18	171179990
284	2984270579	True	1925	2	15	8	6	171179990
285	2984140411	False	2771	16	11	6	21	171179990
286	2983233694	False	1730	97	10	4	11	171179990
287	2982970915	True	2156	43	6	6	22	171179990
288	2982808002	True	2989	108	3	4	27	171179990
289	2980837533	True	3102	14	11	10	26	171179990
290	2980073430	False	2281	98	14	4	6	171179990
291	2979943360	True	2362	86	5	8	14	171179990
292	2974275151	True	1813	9	11	3	16	171179990
293	2974041792	True	3449	16	18	8	19	171179990
294	2973838651	False	2869	9	8	7	6	171179990
295	2970443057	False	2772	14	14	9	18	171179990
296	2969880477	True	2378	88	8	8	16	171179990
297	2969706814	False	2951	88	5	9	12	171179990
298	2966382931	True	3655	88	22	12	22	171179990
299	2966233057	False	2675	14	12	12	22	171179990
300	2966068945	True	2751	61	10	8	3	171179990
301	2965930328	False	2332	83	6	7	12	171179990
302	2965772925	True	1985	98	13	2	11	171179990
303	2965615460	True	1923	28	3	5	12	171179990
304	2965508803	False	2391	9	5	8	9	171179990
305	2957250429	False	2796	9	2	8	4	171179990
306	2957134678	False	2282	61	10	9	3	171179990
307	2956975783	True	2124	14	5	10	5	171179990
308	2956833886	True	2476	97	7	11	9	171179990
309	2899240690	True	4663	86	13	11	26	171179990
310	2899135213	False	3304	86	12	8	14	171179990
311	2899069221	True	3935	114	15	19	14	171179990
312	2880657581	True	1768	39	5	10	2	171179990
313	2880572272	False	2611	97	20	6	9	171179990
314	2877765987	True	2724	51	17	6	15	171179990
315	2876901719	False	2327	36	9	7	8	171179990
316	2866719872	True	4240	36	27	9	21	171179990
317	2856324666	False	2783	97	9	10	18	171179990
318	2852412090	False	2100	2	7	5	10	171179990
319	2852239052	True	3654	13	7	7	21	171179990
320	2849755919	True	1868	14	3	1	21	171179990
321	2847771456	False	2024	23	3	6	12	171179990
322	2847642524	False	3210	21	10	11	13	171179990
323	2847107165	True	711	114	9	3	3	171179990
324	2847068474	True	834	92	1	3	0	171179990
325	2844897109	False	2421	14	7	8	5	171179990
326	2844775592	True	3086	13	12	10	22	171179990
327	2844019571	True	2487	51	7	9	31	171179990
328	2843902485	True	2715	22	9	8	19	171179990
329	2843809148	False	2217	107	1	10	7	171179990
330	2843755789	True	922	73	1	5	2	171179990
331	2843633399	False	2452	62	10	5	29	171179990
332	2843544481	True	1589	62	20	1	19	171179990
333	2843348228	True	3456	86	9	12	22	171179990
334	2842077711	False	2272	65	4	9	10	171179990
335	2840343959	True	2180	33	6	7	18	171179990
336	2840270444	True	2223	13	4	8	12	171179990
337	2838914342	False	2815	107	4	11	10	171179990
338	2838778758	False	2528	13	16	6	19	171179990
339	2833773620	True	852	25	8	2	2	171179990
340	2833330329	True	462	80	1	0	4	171179990
341	2831815366	True	396	52	0	3	0	171179990
342	2831519673	True	363	25	3	2	2	171179990
343	2831383501	True	555	30	0	4	0	171179990
344	2831012349	True	2903	80	8	9	14	171179990
345	2830881831	True	660	100	1	6	0	171179990
346	2828540070	True	1485	73	10	1	4	171179990
347	2828494343	True	1081	53	0	13	0	171179990
348	2825870067	False	2577	86	8	6	11	171179990
349	2825827004	True	2546	86	10	8	8	171179990
350	2822337431	True	2051	19	4	9	9	171179990
351	2822154210	False	4225	88	12	13	14	171179990
352	2820129348	True	3010	97	14	7	14	171179990
353	2819982927	False	2768	97	10	3	15	171179990
354	2819514236	True	1347	15	9	1	10	171179990
355	2818072129	True	2180	15	4	8	7	171179990
356	2817995140	False	848	72	12	1	2	171179990
357	2817946085	True	673	66	1	14	1	171179990
358	2817852358	True	1326	3	10	3	12	171179990
359	2817785376	True	1174	66	2	11	0	171179990
360	2817508306	True	3588	14	11	10	19	171179990
361	2815439887	True	567	25	4	0	8	171179990
362	2815370572	True	783	32	5	8	0	171179990
363	2815339392	True	510	11	8	3	3	171179990
364	2815238733	False	1935	16	4	12	7	171179990
365	2815005214	False	2241	51	3	10	10	171179990
366	2814917807	False	2785	38	10	7	20	171179990
367	2814160397	True	3462	56	9	10	3	171179990
368	2814016450	True	2974	65	7	4	32	171179990
369	2813930787	False	2529	98	7	8	2	171179990
370	2813839876	True	2402	2	7	6	11	171179990
371	2813465801	True	2544	74	6	7	4	171179990
372	2813228120	False	2714	2	2	7	3	171179990
373	2813140865	False	1921	97	9	2	12	171179990
374	2813062927	True	1919	65	13	5	6	171179990
375	2810995585	False	3299	88	3	6	12	171179990
376	2807263868	True	2098	2	13	10	4	171179990
377	2806322914	False	2602	16	7	8	20	171179990
378	2803887508	False	2299	88	7	1	12	171179990
379	2803649386	False	3381	107	7	9	21	171179990
380	2803541721	True	2087	16	6	4	13	171179990
381	2803460813	True	2263	65	7	10	15	171179990
382	2803378413	False	2978	65	8	9	17	171179990
383	2802130436	False	2981	14	6	8	13	171179990
384	2802039687	True	1719	14	9	4	18	171179990
385	2801892212	False	2663	14	9	7	12	171179990
386	2801499150	True	2766	2	13	5	17	171179990
387	2801434119	True	1454	25	1	8	4	171179990
388	2801340537	True	2250	55	3	8	7	171179990
389	2800482625	True	802	25	8	0	4	171179990
390	2800311991	True	947	7	2	2	0	171179990
391	2800269559	True	808	59	0	10	0	171179990
392	2800142757	False	677	22	3	2	8	171179990
393	2800099585	True	428	32	0	3	1	171179990
394	2799714072	True	578	50	1	2	1	171179990
395	2799673667	True	833	21	0	7	1	171179990
396	2799604997	False	907	105	4	10	1	171179990
397	2799568596	True	911	66	1	1	3	171179990
398	2799465979	True	845	27	1	7	0	171179990
399	2799402467	True	726	4	2	4	2	171179990
400	4247776401	True	2018	54	1	9	11	95456680
401	4247729142	False	2350	112	5	15	22	95456680
402	4247672524	True	1950	42	5	13	12	95456680
403	4247623117	True	1875	2	3	7	5	95456680
404	4240309173	True	2700	8	7	4	22	95456680
405	4240252633	True	2889	59	14	10	13	95456680
406	4240199151	False	2996	47	22	9	20	95456680
407	4239445827	True	2387	42	2	7	14	95456680
408	4238763168	True	1726	8	3	14	8	95456680
409	4238501921	False	2552	6	7	5	7	95456680
410	4226727441	True	2655	110	2	13	14	95456680
411	4226668875	True	2575	69	4	11	15	95456680
412	4226242485	False	2357	69	4	7	15	95456680
413	4225974088	False	2865	36	11	13	20	95456680
414	4225891606	True	2408	70	10	11	21	95456680
415	4224781932	True	1882	8	10	7	11	95456680
416	4215380787	True	1431	48	2	9	6	95456680
417	4215266847	True	4048	49	14	9	17	95456680
418	4215201427	True	1804	35	4	10	5	95456680
419	4214755696	True	1849	2	3	5	10	95456680
420	4208087191	True	3887	2	11	16	32	95456680
421	4207986412	False	3004	25	11	14	13	95456680
422	4207749723	False	2626	70	12	11	6	95456680
423	4207691510	False	2247	54	15	2	21	95456680
424	4180618804	False	4056	12	9	13	12	95456680
425	4180566530	True	3819	14	10	19	20	95456680
426	4180503205	True	3075	121	6	12	31	95456680
427	4180442530	True	2677	47	12	13	10	95456680
428	4179437460	False	2337	34	3	9	6	95456680
429	4179351603	True	1717	106	11	5	16	95456680
430	4179284360	False	2154	32	5	7	9	95456680
431	4177638296	False	2998	45	6	14	18	95456680
432	4177546805	False	3068	106	3	11	5	95456680
433	4175871660	False	4525	7	3	12	17	95456680
434	4175817348	True	1916	106	12	1	7	95456680
435	4175738672	True	3379	1	6	10	11	95456680
436	4175683564	False	2409	25	13	7	13	95456680
437	4175002140	True	3933	2	14	13	23	95456680
438	4174947195	False	2124	30	6	11	9	95456680
439	4174882868	True	2546	22	8	8	9	95456680
440	4174021971	True	2962	1	8	9	11	95456680
441	4173629020	True	2839	44	6	8	11	95456680
442	4173573474	True	2478	112	6	10	11	95456680
443	4173495645	False	2921	50	1	17	20	95456680
444	4173431168	False	2316	71	0	18	16	95456680
445	4170871777	True	3679	14	11	18	16	95456680
446	4170837188	True	2410	73	5	8	11	95456680
447	4170797780	False	2887	46	10	7	6	95456680
448	4170765464	True	1949	47	18	6	6	95456680
449	4170561609	True	2197	23	11	4	10	95456680
450	4170484211	False	2941	25	11	16	12	95456680
451	4170404371	True	2600	76	8	13	12	95456680
452	4170314226	False	2786	12	22	8	12	95456680
453	4170225631	True	1989	12	11	2	8	95456680
454	4170114644	True	3559	44	9	13	14	95456680
455	4170039185	False	2528	44	8	9	7	95456680
456	4169973737	True	2228	10	7	9	6	95456680
457	4169925875	True	1950	10	0	16	3	95456680
458	4169885048	True	1743	63	0	11	2	95456680
459	4169817780	False	3370	87	5	15	14	95456680
460	4169733252	True	3165	119	2	20	21	95456680
461	4169699299	True	1583	7	2	9	10	95456680
462	4169660078	False	2205	1	4	4	13	95456680
463	4169598517	True	3064	63	8	12	4	95456680
464	4168144935	True	2050	63	13	3	8	95456680
465	4167591219	True	1733	9	4	12	6	95456680
466	4167531994	True	4426	104	22	16	26	95456680
467	4167467601	False	2989	94	12	8	20	95456680
468	4167394873	False	2621	63	6	11	26	95456680
469	4146039874	False	3180	67	11	8	28	95456680
470	4146011917	True	2206	14	8	16	19	95456680
471	4145974783	False	2503	63	12	6	18	95456680
472	4145908036	False	4067	8	14	6	20	95456680
473	4145842738	False	2819	114	5	13	15	95456680
474	4145764014	True	2525	114	7	7	2	95456680
475	4145710240	False	1794	114	6	15	4	95456680
476	4145612456	True	3079	4	11	11	23	95456680
477	4144970377	False	3598	75	7	10	18	95456680
478	4144869683	False	2867	104	10	9	22	95456680
479	4144799582	True	1841	2	8	2	13	95456680
480	4144693045	False	3410	70	10	9	12	95456680
481	4143990388	False	2297	47	9	11	5	95456680
482	4143927062	True	2346	16	1	16	17	95456680
483	4143811305	False	3805	2	7	12	13	95456680
484	4143685517	True	3414	93	9	14	24	95456680
485	4143566253	True	3503	63	18	11	17	95456680
486	4143459298	False	2625	48	9	14	17	95456680
487	4138950209	False	1738	95	3	14	6	95456680
488	4138909143	True	2396	63	15	6	25	95456680
489	4138851791	True	2973	36	10	7	10	95456680
490	4136518566	True	2512	104	6	18	12	95456680
491	4136450942	True	2421	20	4	10	8	95456680
492	4136410168	True	1628	104	1	10	3	95456680
493	4133978187	False	2188	2	4	10	14	95456680
494	4133915985	True	1761	67	3	6	9	95456680
495	4133831314	False	2658	114	8	14	14	95456680
496	4133720057	False	2323	88	2	8	16	95456680
497	4133279651	True	2484	104	9	6	13	95456680
498	4133212651	True	1645	63	1	3	12	95456680
499	4132964178	False	3030	51	7	9	14	95456680
500	4132815914	True	3973	32	20	14	14	95456680
501	4132711664	False	3092	9	5	9	19	95456680
502	4132644067	True	2242	47	11	15	12	95456680
503	4125044377	False	2259	112	2	10	12	95456680
504	4122018716	False	2780	8	19	13	12	95456680
505	4121715304	True	4570	47	15	18	22	95456680
506	4120088410	True	2169	88	3	13	7	95456680
507	4120042184	False	1639	2	4	3	9	95456680
508	4119739768	True	3054	79	3	11	14	95456680
509	4118708267	True	2891	70	10	11	13	95456680
510	4118606830	True	2559	20	3	15	14	95456680
511	4111059399	False	2923	25	10	8	14	95456680
512	4110486251	False	2384	7	2	11	10	95456680
513	4110407666	False	2362	25	11	13	11	95456680
514	4109717063	True	2069	9	11	6	18	95456680
515	4109575576	False	2749	63	14	8	25	95456680
516	4109502355	False	2482	104	16	6	13	95456680
517	4109426048	False	1908	36	8	4	14	95456680
518	4109283365	False	2846	67	16	7	25	95456680
519	4109180075	True	2277	93	12	7	4	95456680
520	4108639315	True	3557	26	4	13	14	95456680
521	4108463348	False	3062	32	13	8	14	95456680
522	4108351613	False	3111	104	14	9	11	95456680
523	4108258469	True	2695	51	4	14	17	95456680
524	4106254980	True	1587	44	3	4	5	95456680
525	4103525422	False	2447	42	3	7	4	95456680
526	4096950576	False	3073	22	10	11	32	95456680
527	4096880443	True	1942	99	0	9	4	95456680
528	4096772921	False	2552	108	4	5	11	95456680
529	4096714220	True	991	28	0	0	3	95456680
530	4096481631	False	3291	36	19	15	23	95456680
531	4095901730	False	2361	78	4	11	15	95456680
532	4055248738	False	2393	104	9	11	11	95456680
533	4055180931	False	2387	49	15	8	9	95456680
534	4054478361	False	2300	93	3	13	6	95456680
535	3832786625	True	2707	120	2	16	8	95456680
536	3832703418	True	2106	104	6	12	9	95456680
537	3832530252	False	2478	47	6	12	20	95456680
538	3832432793	True	1736	30	7	18	4	95456680
539	3681039357	True	1128	18	4	2	2	95456680
540	3666035741	True	2314	42	5	9	10	95456680
541	3664440966	True	2020	4	9	9	21	95456680
542	3664314670	True	3498	104	17	13	17	95456680
543	3664164847	False	2476	109	10	5	9	95456680
544	3664053903	False	1925	104	5	2	11	95456680
545	3663946565	True	2361	104	14	9	7	95456680
546	3663728268	True	2529	18	10	3	14	95456680
547	3663634196	False	2693	26	5	17	15	95456680
548	3663530590	True	2980	104	26	11	14	95456680
549	3663465433	True	1915	104	4	6	11	95456680
550	3662669692	False	2464	23	7	6	9	95456680
551	3662613801	False	2177	66	3	6	7	95456680
552	3662435053	True	2516	71	4	8	18	95456680
553	3662363440	True	1938	54	2	5	8	95456680
554	3662285042	False	2098	103	3	7	8	95456680
555	3662221973	True	1500	28	1	9	8	95456680
556	3662100798	True	3047	4	11	8	15	95456680
557	3645119010	False	2128	42	16	3	12	95456680
558	3645038232	False	2628	2	17	8	9	95456680
559	3640210416	True	2700	48	4	8	8	95456680
560	3638475292	False	3083	28	13	10	11	95456680
561	3638397906	False	1874	78	7	9	11	95456680
562	3638189800	False	2653	104	10	7	15	95456680
563	3638102377	False	1993	18	11	7	7	95456680
564	3637290956	True	2509	80	4	11	13	95456680
565	3637228410	True	2399	15	4	15	3	95456680
566	3637129391	True	3020	28	15	10	18	95456680
567	3637035761	False	2882	104	18	14	19	95456680
568	3636147343	True	2242	104	7	14	10	95456680
569	3636064554	True	1975	69	2	7	6	95456680
570	3635943302	True	1903	62	9	10	7	95456680
571	3635838478	False	3212	42	16	11	28	95456680
572	3633227944	False	1896	73	3	16	7	95456680
573	3633118727	True	4258	16	5	15	15	95456680
574	3633065681	True	1939	16	7	12	16	95456680
575	3632983950	False	2443	14	2	17	8	95456680
576	3626924927	False	3133	9	12	11	13	95456680
577	3626796652	False	4339	62	16	11	25	95456680
578	3626736534	True	1763	22	12	5	22	95456680
579	3625153239	True	3164	19	17	8	17	95456680
580	3624896341	True	3323	94	15	7	22	95456680
581	3624817846	False	2145	10	2	12	3	95456680
582	3624703147	True	2225	60	5	12	7	95456680
583	3624508028	True	1040	54	4	1	4	95456680
584	3623974205	True	1835	95	1	6	6	95456680
585	3623770462	True	2990	20	5	14	16	95456680
586	3614613009	True	2655	102	2	12	8	95456680
587	3612526268	False	2548	104	5	7	16	95456680
588	3612377597	False	3776	28	3	10	17	95456680
589	3612300323	True	2286	4	8	8	4	95456680
590	3612251824	False	1137	1	1	1	3	95456680
591	3612153667	True	3065	36	11	11	14	95456680
592	3611913769	False	2179	60	2	7	13	95456680
593	3611833270	False	2313	57	3	9	15	95456680
594	3611746820	True	2956	88	4	16	10	95456680
595	3611652957	False	2639	23	2	7	14	95456680
596	3611593603	False	2220	88	5	10	9	95456680
597	3608484192	True	2226	4	23	2	9	95456680
598	3608405505	True	1980	104	13	3	13	95456680
599	3597502051	False	4000	63	6	8	14	95456680
600	4247367498	True	2453	26	17	12	4	121348167
601	4247274190	True	1899	26	21	3	3	121348167
602	4245962352	True	3326	14	5	12	18	121348167
603	4245905388	False	1883	2	5	14	5	121348167
604	4245716903	False	2082	9	7	6	8	121348167
605	4235335597	True	1762	78	7	17	9	121348167
606	4233623620	False	1837	84	2	10	9	121348167
607	4232505358	True	3355	71	10	17	31	121348167
608	4232368481	True	2520	104	8	11	11	121348167
609	4232261222	False	2001	62	2	17	6	121348167
610	4228618690	False	3870	93	26	8	13	121348167
611	4228592313	False	1361	34	2	7	4	121348167
612	4228554025	True	1755	84	3	5	17	121348167
613	4228508623	True	2459	86	8	10	9	121348167
614	4226957071	True	3118	17	20	11	21	121348167
615	4226869012	True	2987	74	13	10	15	121348167
616	4226822921	False	2336	35	9	6	16	121348167
617	4226632582	True	3237	59	12	16	6	121348167
618	4226541823	True	2958	34	9	10	21	121348167
619	4226491208	False	1429	105	3	25	3	121348167
620	4225446204	False	2038	2	10	10	22	121348167
621	4225394834	False	1515	114	4	16	3	121348167
622	4224957761	True	2506	74	21	7	11	121348167
623	4215736009	True	2249	34	1	7	3	121348167
624	4215443952	False	2856	25	7	17	8	121348167
625	4215362176	False	3069	19	17	14	19	121348167
626	4214268434	True	2506	74	5	4	15	121348167
627	4214214819	False	2140	86	5	10	9	121348167
628	4214180623	True	1175	59	16	6	3	121348167
629	4214021129	True	2551	19	19	6	6	121348167
630	4213965296	True	2442	34	13	8	20	121348167
631	4213915982	False	2636	73	12	5	12	121348167
632	4213886905	True	1390	19	12	3	9	121348167
633	4213762100	True	3984	74	9	11	23	121348167
634	4213715740	True	1822	74	13	6	12	121348167
635	4212081102	False	2827	14	3	15	16	121348167
636	4212045074	True	1899	98	6	16	3	121348167
637	4211981315	False	3635	34	15	14	20	121348167
638	4209053647	False	2296	61	2	13	2	121348167
639	4208863219	True	3486	25	21	16	6	121348167
640	4208672175	False	2532	63	10	10	16	121348167
641	4208612210	True	1791	34	5	13	3	121348167
642	4208525737	True	2572	9	12	8	13	121348167
643	4207615810	True	2396	34	17	8	7	121348167
644	4207576831	True	1667	34	12	4	13	121348167
645	4207294126	True	3415	74	11	15	20	121348167
646	4207261636	False	1707	85	9	5	21	121348167
647	4207217790	True	1658	74	6	3	8	121348167
648	4206164015	True	2037	70	10	11	2	121348167
649	4202469676	True	2395	19	16	14	5	121348167
650	4202236611	True	1999	74	22	6	14	121348167
651	4202167792	False	3335	121	6	19	30	121348167
652	4200690200	True	2695	105	5	14	9	121348167
653	4200531983	False	2370	46	7	9	6	121348167
654	4200487495	False	2503	59	9	12	6	121348167
655	4200445928	False	2726	14	21	14	24	121348167
656	4200313000	False	3127	75	10	19	25	121348167
657	4200224662	True	2063	22	4	11	9	121348167
658	4200103098	False	1775	74	15	4	9	121348167
659	4199994104	True	1850	104	11	15	12	121348167
660	4199913709	False	1987	59	17	8	13	121348167
661	4198914877	False	2038	11	6	14	7	121348167
662	4198862606	False	2201	74	13	9	22	121348167
663	4198821159	True	2009	14	4	9	19	121348167
664	4198173047	False	2978	1	8	14	10	121348167
665	4197180289	False	2032	59	14	14	6	121348167
666	4197112193	False	2875	35	22	10	16	121348167
667	4196981309	True	1994	46	18	6	12	121348167
668	4196944917	True	1763	34	9	7	15	121348167
669	4196895602	True	2098	19	9	9	10	121348167
670	4196818618	True	3600	41	7	15	28	121348167
671	4196739585	False	2909	27	8	16	13	121348167
672	4196662315	False	2515	100	7	14	21	121348167
673	4195799222	False	2785	76	21	12	7	121348167
674	4195539489	True	1917	70	9	10	16	121348167
675	4195495514	False	3182	2	7	16	21	121348167
676	4195470510	True	1855	61	4	10	2	121348167
677	4195423595	False	2809	14	11	18	24	121348167
678	4195383940	True	1809	10	3	8	8	121348167
679	4195250442	False	1766	19	12	6	9	121348167
680	4195172594	False	2633	59	21	14	9	121348167
681	4194215619	False	2222	97	10	16	9	121348167
682	4194124663	True	3900	74	11	14	9	121348167
683	4194024027	True	2028	23	8	5	15	121348167
684	4193946659	True	3248	73	16	9	23	121348167
685	4193918694	True	1918	22	8	8	17	121348167
686	4193874747	False	3109	34	5	14	14	121348167
687	4193689587	True	3678	33	5	17	26	121348167
688	4193637883	True	1621	35	30	4	9	121348167
689	4193564695	True	2325	7	9	8	24	121348167
690	4188984481	False	2074	86	9	14	13	121348167
691	4188871407	False	3499	105	7	15	18	121348167
692	4188801754	False	2740	14	3	20	20	121348167
693	4187787147	True	2384	74	12	10	12	121348167
694	4186892289	False	2435	34	15	9	16	121348167
695	4185419740	False	3340	34	19	9	13	121348167
696	4185375929	False	2266	14	11	14	9	121348167
697	4185153176	True	2557	5	6	12	11	121348167
698	4184663044	True	2577	34	13	11	14	121348167
699	4184574200	True	2305	19	14	6	11	121348167
700	4183869318	True	1933	14	6	8	16	121348167
701	4183271535	False	2793	17	18	17	7	121348167
702	4183157870	False	3715	34	20	13	18	121348167
703	4182429789	True	2192	74	9	5	2	121348167
704	4182364103	False	3821	74	23	10	17	121348167
705	4182333407	False	1608	74	11	8	2	121348167
706	4182108551	False	2776	34	17	14	11	121348167
707	4176354878	True	2312	44	7	15	8	121348167
708	4176245542	False	2810	34	10	16	7	121348167
709	4175471150	False	2676	14	7	12	17	121348167
710	4174878481	False	2534	14	10	15	21	121348167
711	4174786528	True	2352	19	18	6	9	121348167
712	4173338832	False	2663	14	12	12	21	121348167
713	4173259813	False	1951	34	15	5	13	121348167
714	4171913501	False	2059	14	4	9	19	121348167
715	4171821011	False	2528	74	10	10	12	121348167
716	4171583290	True	2204	17	16	13	9	121348167
717	4170938263	True	3135	59	12	15	11	121348167
718	4170899958	True	3280	34	14	6	21	121348167
719	4170876839	False	1862	14	2	6	9	121348167
720	4170834765	True	3069	14	6	12	25	121348167
721	4170722604	False	2651	67	11	8	9	121348167
722	4170567408	True	2075	79	4	16	18	121348167
723	4170507606	True	1318	59	22	5	2	121348167
724	4169458202	True	2200	34	12	12	12	121348167
725	4169421688	False	2871	74	16	8	7	121348167
726	4169389699	False	2436	74	7	18	0	121348167
727	4169009949	True	2180	39	16	10	11	121348167
728	4168917147	True	2857	34	13	12	15	121348167
729	4168834817	False	1653	59	18	11	10	121348167
730	4168717954	False	2293	74	18	6	16	121348167
731	4167657334	False	1744	105	6	24	5	121348167
732	4167539746	False	3225	35	12	13	22	121348167
733	4167386760	False	2027	86	8	6	17	121348167
734	4167314604	True	2281	74	12	4	14	121348167
735	4167077790	True	2248	34	7	11	8	121348167
736	4166803906	True	2738	11	11	13	13	121348167
737	4166659217	False	2170	76	8	6	11	121348167
738	4166603455	True	1007	74	0	8	2	121348167
739	4165736792	False	3592	34	7	11	18	121348167
740	4165692731	True	2721	34	9	9	12	121348167
741	4165666049	True	1381	34	11	6	6	121348167
742	4165611463	False	3305	59	18	17	10	121348167
743	4165569868	False	1751	119	1	11	3	121348167
744	4162098476	True	2400	59	28	14	4	121348167
745	4161969157	False	2570	86	13	9	26	121348167
746	4161346414	True	2083	17	26	11	11	121348167
747	4161127786	True	2095	7	3	12	13	121348167
748	4160757351	False	2801	39	15	15	18	121348167
749	4160457255	False	1820	34	5	8	2	121348167
750	4159762637	True	2612	19	16	8	10	121348167
751	4159724000	False	1870	34	19	7	9	121348167
752	4159614261	True	2359	22	20	8	18	121348167
753	4159579307	False	1648	114	5	8	5	121348167
754	4159534344	True	2181	19	16	8	8	121348167
755	4159493025	True	2031	73	8	7	12	121348167
756	4159274870	False	2709	86	7	9	25	121348167
757	4159040320	False	3409	34	18	9	28	121348167
758	4158986569	False	1335	36	0	11	5	121348167
759	4158285060	True	1601	19	20	3	9	121348167
760	4158223563	False	3042	22	40	14	24	121348167
761	4158176939	True	1797	36	21	3	17	121348167
762	4156144944	True	2065	39	5	8	3	121348167
763	4149285682	False	2396	5	4	5	22	121348167
764	4149244541	False	2969	72	19	8	18	121348167
765	4147797859	True	2451	14	14	12	21	121348167
766	4145990021	True	3010	5	4	16	22	121348167
767	4145943727	True	2349	68	3	6	20	121348167
768	4145628183	False	2132	1	3	9	4	121348167
769	4145527234	False	1934	27	3	8	14	121348167
770	4144112427	False	2543	8	6	9	6	121348167
771	4144035725	False	3625	12	19	8	22	121348167
772	4140044116	True	1725	22	8	12	2	121348167
773	4139021879	True	1845	7	8	5	12	121348167
774	4138979648	True	2555	20	5	6	17	121348167
775	4138630608	False	3325	19	27	9	23	121348167
776	4138518473	False	2489	59	17	13	12	121348167
777	4138428859	False	1956	53	11	18	10	121348167
778	4137428377	True	1895	22	10	11	8	121348167
779	4137383239	True	1714	19	3	8	3	121348167
780	4136887841	False	2197	74	6	10	2	121348167
781	4136786503	False	2484	8	8	8	19	121348167
782	4134456372	True	2925	74	10	6	14	121348167
783	4134416223	True	1622	14	1	9	13	121348167
784	4134198030	False	2130	6	7	5	7	121348167
785	4134151624	False	2062	7	5	6	11	121348167
786	4132228436	False	2199	121	2	16	11	121348167
787	4132189809	False	1560	11	5	8	2	121348167
788	4132027252	True	3617	7	11	13	12	121348167
789	4131971155	True	1234	70	4	6	0	121348167
790	4131602192	False	2079	14	15	10	14	121348167
791	4131455803	True	3122	45	14	14	11	121348167
792	4131327908	True	2506	53	3	9	18	121348167
793	4130509026	False	3333	34	9	16	17	121348167
794	4130342666	False	3419	9	11	15	32	121348167
795	4130279997	True	3040	17	17	12	11	121348167
796	4130181370	False	2700	70	18	12	13	121348167
797	4128663277	False	2082	35	17	7	12	121348167
798	4128606591	False	2911	19	8	9	21	121348167
799	4128553284	False	3687	74	12	13	24	121348167
800	4245073602	True	2469	101	18	6	11	205562158
801	4243724313	True	2095	101	10	9	7	205562158
802	4243653089	True	2431	16	5	11	24	205562158
803	4243598901	True	1753	34	3	9	4	205562158
804	4242842060	False	1969	59	9	6	9	205562158
805	4242776080	False	2410	74	5	8	13	205562158
806	4242218644	True	2482	74	16	1	14	205562158
807	4239617800	True	1396	17	5	8	2	205562158
808	4239529276	True	2899	13	7	9	10	205562158
809	4238967720	False	3212	45	4	18	24	205562158
810	4238904301	False	1299	9	0	5	6	205562158
811	4238840943	True	1301	98	5	9	5	205562158
812	4238725961	True	2559	2	6	12	18	205562158
813	4234739565	False	2232	2	4	11	20	205562158
814	4234667306	True	1935	107	4	7	13	205562158
815	4233812446	True	1855	107	1	5	8	205562158
816	4233744955	True	2637	86	4	13	20	205562158
817	4221396543	True	1713	106	5	7	13	205562158
818	4221353316	False	1638	7	1	5	2	205562158
819	4221283447	False	1931	12	4	5	6	205562158
820	4221219296	True	2423	12	7	6	9	205562158
821	4220003130	False	2879	86	5	9	25	205562158
822	4219955731	False	2598	114	6	12	14	205562158
823	4219830826	False	2462	1	4	2	2	205562158
824	4219777191	True	2060	5	1	10	26	205562158
825	4218472978	True	2159	86	4	2	16	205562158
826	4218317026	True	1698	96	10	7	19	205562158
827	4216991525	True	2297	7	11	5	22	205562158
828	4216941113	True	1806	19	4	9	5	205562158
829	4215383319	True	2595	112	5	9	15	205562158
830	4213556511	False	3278	10	13	9	28	205562158
831	4213492535	True	1256	110	2	9	2	205562158
832	4052798451	True	1527	32	5	4	2	205562158
833	4034683161	True	3493	7	7	14	33	205562158
834	4034458797	False	2397	41	5	10	10	205562158
835	4033850408	True	3177	32	6	17	13	205562158
836	4033794213	True	3197	28	3	12	15	205562158
837	4033716522	False	3600	32	6	9	20	205562158
838	4033019133	True	2095	32	16	6	19	205562158
839	4032802913	True	2902	110	4	10	17	205562158
840	4032660459	False	2187	100	2	12	16	205562158
841	4032497435	True	2842	32	15	6	21	205562158
842	4032342819	False	3106	32	12	9	24	205562158
843	4031902160	True	3743	32	16	9	30	205562158
844	4031805467	True	2250	110	10	9	6	205562158
845	4031683609	True	2086	110	0	0	1	205562158
846	4031633196	True	1753	17	5	11	10	205562158
847	4030122621	True	3544	106	8	11	22	205562158
848	4030031642	True	3252	110	7	13	18	205562158
849	4028527533	False	2537	56	14	5	15	205562158
850	4028465149	False	1874	74	2	10	3	205562158
851	4028235906	False	2794	110	2	10	27	205562158
852	4028167835	False	2632	110	5	13	25	205562158
853	4028092504	False	2173	110	7	7	25	205562158
854	4026206743	False	3204	110	5	9	27	205562158
855	4026153196	True	2844	32	3	8	11	205562158
856	4026086802	False	2139	93	8	8	5	205562158
857	4025990763	False	3420	21	2	14	16	205562158
858	4019146131	True	2525	106	17	7	21	205562158
859	4018980963	False	2750	21	4	15	23	205562158
860	4018871033	True	2176	57	2	13	13	205562158
861	4018766141	True	2475	90	1	10	16	205562158
862	4017051844	False	2798	74	7	10	14	205562158
863	4016921035	True	2755	71	7	14	31	205562158
864	4016765607	True	2657	49	9	9	11	205562158
865	4016638403	True	2738	73	9	8	19	205562158
866	4016563232	False	2316	108	5	17	23	205562158
867	4015798017	True	3816	41	15	12	26	205562158
868	4015728343	True	2615	73	8	7	8	205562158
869	4015663457	False	2241	70	11	5	16	205562158
870	4015587156	False	2077	114	4	12	8	205562158
871	4015170700	True	3031	16	4	11	19	205562158
872	4015046033	True	2512	114	5	7	5	205562158
873	4014950927	False	2197	17	6	6	13	205562158
874	4014132661	False	2251	13	5	10	15	205562158
875	4012549280	False	2166	114	7	10	7	205562158
876	4012469443	False	2889	74	12	10	8	205562158
877	4012308739	True	2936	35	18	10	24	205562158
878	4012092119	True	2835	14	2	15	19	205562158
879	4011945371	True	2798	114	22	8	20	205562158
880	4011723370	True	2471	7	5	7	19	205562158
881	4010959614	True	4075	114	10	11	15	205562158
882	4010626189	True	2841	74	9	8	11	205562158
883	3962945468	False	3357	3	5	14	16	205562158
884	3962857505	False	2324	7	7	6	14	205562158
885	3962773694	False	2795	26	7	16	12	205562158
886	3950012557	True	3492	34	7	7	12	205562158
887	3949914801	True	1890	54	6	6	6	205562158
888	3949811970	True	2106	44	10	6	12	205562158
889	3949631555	True	2747	97	3	6	26	205562158
890	3949519964	False	1874	74	13	2	10	205562158
891	3947014468	True	3047	25	17	9	19	205562158
892	3946258026	False	2209	39	10	8	9	205562158
893	3946143356	False	2607	34	4	6	3	205562158
894	3944835651	False	3119	120	12	11	20	205562158
895	3944740297	True	2498	74	15	6	22	205562158
896	3944251865	False	2117	26	2	10	9	205562158
897	3944172316	True	1625	83	3	11	4	205562158
898	3944085657	True	1846	25	6	5	10	205562158
899	3943979751	True	1829	74	5	5	6	205562158
900	3943675945	True	2005	1	6	4	3	205562158
901	3942609279	False	3951	34	10	12	14	205562158
902	3942472038	True	3560	74	12	10	15	205562158
903	3941996527	False	2205	74	7	4	6	205562158
904	3941899411	False	1577	23	4	5	4	205562158
905	3941625003	True	5360	12	19	9	17	205562158
906	3940590670	True	2433	18	6	4	22	205562158
907	3940446204	True	3049	8	23	5	9	205562158
908	3940339012	True	2645	1	4	4	1	205562158
909	3940081381	True	2857	26	12	13	12	205562158
910	3939966709	False	2866	43	13	9	10	205562158
911	3939790457	False	2820	41	16	8	24	205562158
912	3939678773	False	3310	12	21	6	18	205562158
913	3938752446	False	4131	93	15	16	18	205562158
914	3938681236	False	2046	14	5	15	8	205562158
915	3938622789	True	1602	106	0	8	7	205562158
916	3938545699	False	1934	17	12	2	13	205562158
917	3938401820	True	1932	94	13	1	16	205562158
918	3938252726	False	3405	12	15	5	16	205562158
919	3938073083	False	3300	8	14	8	20	205562158
920	3937888170	False	2578	23	9	8	6	205562158
921	3937825222	False	2087	4	16	12	10	205562158
922	3936725478	False	3227	106	15	12	25	205562158
923	3936613361	True	1987	9	7	4	12	205562158
924	3936473600	False	2479	43	8	10	11	205562158
925	3936349966	True	2783	106	17	6	15	205562158
926	3936262151	True	2504	56	16	8	7	205562158
927	3936169364	False	3047	1	13	2	7	205562158
928	3936059983	True	2887	93	18	8	16	205562158
929	3935270021	False	2713	32	5	7	25	205562158
930	3935196905	False	2357	32	5	7	13	205562158
931	3934904012	True	3002	22	12	2	26	205562158
932	3934740963	True	3838	10	23	5	15	205562158
933	3934296278	False	3246	25	17	9	11	205562158
934	3934243064	False	1905	44	10	9	6	205562158
935	3934129074	False	2611	60	7	9	12	205562158
936	3933279752	False	4510	86	6	10	26	205562158
937	3933093965	False	2455	86	6	12	20	205562158
938	3932960410	True	2554	32	5	10	11	205562158
939	3932754627	False	3145	32	8	13	28	205562158
940	3932534952	False	2497	47	9	6	3	205562158
941	3931853555	True	3332	103	2	9	18	205562158
942	3931791979	True	2056	67	10	7	10	205562158
943	3931734171	False	2259	18	4	7	7	205562158
944	3931615570	False	4538	95	9	14	23	205562158
945	3931527999	True	1930	97	1	13	2	205562158
946	3931162611	False	2490	119	16	4	17	205562158
947	3930767021	False	2912	65	12	9	18	205562158
948	3929298328	True	2365	120	11	10	22	205562158
949	3928958848	False	4072	62	10	14	37	205562158
950	3928852666	True	2156	100	8	7	25	205562158
951	3928216116	True	2266	10	3	3	6	205562158
952	3926957463	False	4766	113	16	5	19	205562158
953	3924751303	False	2006	1	5	1	4	205562158
954	3924664112	False	2484	10	8	4	11	205562158
955	3924562038	False	2427	16	10	8	20	205562158
956	3924450282	False	3595	1	13	5	8	205562158
957	3924372420	True	2466	4	9	13	11	205562158
958	3923023069	False	2153	1	16	1	13	205562158
959	3922914211	True	2678	15	7	5	19	205562158
960	3922830226	False	2055	93	25	2	10	205562158
961	3922678174	False	2797	54	7	5	15	205562158
962	3922569322	True	3410	1	19	4	18	205562158
963	3922512195	True	1742	10	11	1	4	205562158
964	3921109769	False	1555	1	2	6	2	205562158
965	3921003542	False	3095	62	6	7	36	205562158
966	3920927845	True	2274	74	10	6	12	205562158
967	3920838928	True	2220	22	1	9	7	205562158
968	3920758872	True	2561	47	11	7	17	205562158
969	3919980267	False	3917	62	5	10	26	205562158
970	3919811838	True	2645	21	7	13	9	205562158
971	3919275842	True	3411	57	4	17	13	205562158
972	3919193794	True	1374	74	9	2	14	205562158
973	3919112373	False	2003	25	7	7	6	205562158
974	3919030794	True	2273	49	3	13	13	205562158
975	3918963364	True	2058	34	11	4	5	205562158
976	3918818812	True	4512	17	18	15	34	205562158
977	3918670292	True	1768	9	3	6	10	205562158
978	3918085939	False	2881	106	14	8	7	205562158
979	3917194723	True	3007	106	23	7	27	205562158
980	3916729893	False	1933	39	7	6	5	205562158
981	3916662218	True	1486	93	7	4	11	205562158
982	3915753607	True	3377	106	24	8	15	205562158
983	3915644786	False	2389	25	6	4	6	205562158
984	3915222091	True	1929	2	11	4	14	205562158
985	3915121622	True	2019	21	10	1	10	205562158
986	3914657614	False	3229	39	15	5	12	205562158
987	3914546760	True	2214	34	5	11	6	205562158
988	3914450668	False	1987	47	10	4	8	205562158
989	3910886676	False	3752	39	32	5	17	205562158
990	3910812288	True	1749	2	3	11	10	205562158
991	3910730060	True	1611	2	7	11	4	205562158
992	3910661739	False	1979	23	4	6	6	205562158
993	3901532742	False	2614	2	10	9	11	205562158
994	3900818625	False	2389	74	4	3	8	205562158
995	3900704828	True	1923	1	3	3	1	205562158
996	3900564246	False	1637	71	3	9	14	205562158
997	3900078401	False	4058	58	11	7	15	205562158
998	3898537522	False	2517	2	27	7	18	205562158
999	3898405203	False	2504	34	11	7	15	205562158
1000	3825426954	False	1972	119	2	11	10	151593943
1001	3794912219	True	2240	14	6	12	8	151593943
1002	3790402451	False	2554	14	8	9	18	151593943
1003	3724557225	True	2693	14	8	12	23	151593943
1004	3648712147	True	3936	68	1	15	34	151593943
1005	3648649949	False	1417	51	0	6	8	151593943
1006	3642575923	True	2007	51	6	9	6	151593943
1007	3642437045	False	2798	51	12	13	24	151593943
1008	3641575289	True	1656	87	1	11	6	151593943
1009	3641537492	True	2186	64	1	9	4	151593943
1010	3640005778	True	3328	68	4	10	26	151593943
1011	3639940463	False	1965	72	10	13	4	151593943
1012	3635327796	False	2536	64	4	9	18	151593943
1013	3635273303	False	2545	72	9	5	7	151593943
1014	3629652927	True	1541	112	2	7	9	151593943
1015	3627441953	True	2657	28	5	16	22	151593943
1016	3620458079	True	1803	79	3	7	11	151593943
1017	3611024547	True	4423	79	2	14	19	151593943
1018	3610993685	True	1456	64	3	9	5	151593943
1019	3610891895	True	3221	69	6	12	18	151593943
1020	3610828540	False	2376	64	1	8	20	151593943
1021	3610769796	True	1722	64	2	7	18	151593943
1022	3610535725	False	2669	16	3	15	8	151593943
1023	3610418987	False	2387	16	1	5	21	151593943
1024	3601560621	True	2258	12	7	4	16	151593943
1025	3601438907	True	2358	16	4	10	20	151593943
1026	3586429646	False	2255	106	9	12	14	151593943
1027	3586388913	False	2437	106	23	6	11	151593943
1028	3586351207	True	1834	15	6	17	3	151593943
1029	3586305715	True	2218	75	5	11	14	151593943
1030	3586237763	True	3198	17	15	10	10	151593943
1031	3586018471	False	3140	46	27	5	11	151593943
1032	3585958640	False	1787	46	16	3	3	151593943
1033	3585885695	False	1794	46	19	1	7	151593943
1034	3585781214	True	2777	7	16	8	14	151593943
1035	3585692747	True	2126	93	7	7	13	151593943
1036	3428722661	True	1564	114	15	8	7	151593943
1037	3181543657	True	3885	25	18	10	17	151593943
1038	3180963978	False	2839	25	21	10	11	151593943
1039	3180873447	True	1766	25	8	3	6	151593943
1040	3180792806	False	1748	25	0	6	1	151593943
1041	3180678491	False	2959	25	22	10	14	151593943
1042	3180446785	False	2312	25	19	4	12	151593943
1043	3178847808	False	3723	20	12	18	14	151593943
1044	3178678326	True	2584	56	7	7	4	151593943
1045	3178342299	True	2600	25	13	12	13	151593943
1046	3178164523	False	2008	41	6	3	4	151593943
1047	3175802990	False	1972	96	6	9	6	151593943
1048	3175652232	True	3282	25	10	13	8	151593943
1049	3175482681	False	4143	25	20	13	10	151593943
1050	3175353665	True	2661	25	11	8	5	151593943
1051	3175243290	False	2653	25	6	9	15	151593943
1052	3174385356	True	2811	25	16	9	6	151593943
1053	3174316220	False	3145	25	22	14	13	151593943
1054	3173664599	True	3229	25	18	13	14	151593943
1055	3173232767	False	3230	69	10	10	17	151593943
1056	3173121121	True	3499	25	18	7	15	151593943
1057	3173029984	False	2881	25	17	12	7	151593943
1058	3172951263	True	2582	86	7	16	18	151593943
1059	3172924430	True	600	114	0	1	0	151593943
1060	3172884132	False	1114	16	3	5	0	151593943
1061	3172778358	True	2080	49	1	9	4	151593943
1062	3171532622	True	1975	35	5	3	10	151593943
1063	3171418839	True	2379	87	4	9	28	151593943
1064	3171332712	True	2304	94	4	1	13	151593943
1065	3171261556	False	1953	25	11	0	8	151593943
1066	3171163004	True	3205	62	8	6	19	151593943
1067	3171104040	False	1752	31	6	0	23	151593943
1068	3171035876	False	2084	93	7	7	9	151593943
1069	3170895638	False	2243	28	7	14	10	151593943
1070	3170826699	True	2514	28	2	11	13	151593943
1071	3170108597	False	1947	75	3	9	6	151593943
1072	3170013527	True	2788	25	5	19	14	151593943
1073	3169828760	False	2231	92	9	9	8	151593943
1074	3169726826	False	2339	20	1	6	8	151593943
1075	3169479553	True	1639	27	0	5	17	151593943
1076	3169297849	False	2285	27	3	7	14	151593943
1077	3169194508	False	3093	26	6	11	19	151593943
1078	3169142504	False	1521	26	4	5	8	151593943
1079	3169048265	False	3252	94	13	5	12	151593943
1080	3168930280	True	2576	73	2	10	13	151593943
1081	3168863853	False	2380	100	3	16	25	151593943
1082	3168018981	False	2063	21	2	5	19	151593943
1083	3167912075	False	2709	28	2	12	15	151593943
1084	3167801462	True	2461	94	1	6	13	151593943
1085	3167553965	False	2319	111	6	10	12	151593943
1086	3167438433	True	2495	17	9	5	9	151593943
1087	3167280784	True	1693	9	10	2	3	151593943
1088	3167179013	False	2362	102	2	11	13	151593943
1089	3167109166	False	1910	57	3	6	7	151593943
1090	3167021567	False	2507	103	3	8	22	151593943
1091	3166871626	True	1501	75	3	0	14	151593943
1092	3166810296	False	1928	6	6	3	8	151593943
1093	3166751609	True	2291	35	2	6	19	151593943
1094	3165789160	False	2118	70	9	8	16	151593943
1095	3165681350	True	2528	43	2	9	10	151593943
1096	3165519859	True	2687	73	4	16	4	151593943
1097	3165382900	False	2631	104	15	9	4	151593943
1098	3165072256	False	3495	81	19	7	17	151593943
1099	3164993280	False	2085	15	10	4	11	151593943
1100	3164927520	False	1405	76	4	9	3	151593943
1101	3164825249	True	1896	77	2	4	9	151593943
1102	3164751837	True	2466	104	10	5	15	151593943
1103	3164698051	True	1826	52	4	12	4	151593943
1104	3164624545	False	2567	73	2	5	18	151593943
1105	3163094050	False	2756	101	7	3	38	151593943
1106	3162989468	False	2356	43	15	5	15	151593943
1107	3162902164	True	1878	104	7	3	9	151593943
1108	3162821687	True	1877	86	7	6	12	151593943
1109	3162733041	False	2091	10	1	4	5	151593943
1110	3160941931	False	3144	44	6	9	5	151593943
1111	3160811672	True	2364	75	0	1	17	151593943
1112	3160694758	False	2091	83	5	6	13	151593943
1113	3160569822	False	2995	6	12	7	6	151593943
1114	3160446447	True	3236	39	13	5	10	151593943
1115	3160331611	True	2983	56	4	13	18	151593943
1116	3160227133	False	2951	7	8	14	10	151593943
1117	3160125493	True	1598	96	3	7	21	151593943
1118	3160037858	True	2335	29	5	4	22	151593943
1119	3159957269	False	2260	90	0	6	6	151593943
1120	3159135923	True	1797	63	14	8	6	151593943
1121	3159071358	True	1644	104	1	6	0	151593943
1122	3158984561	False	2058	86	3	10	11	151593943
1123	3158921863	False	1294	102	5	3	10	151593943
1124	3158709396	True	1938	97	1	6	11	151593943
1125	3158539927	True	3550	84	5	14	30	151593943
1126	3158445032	True	1490	8	2	4	0	151593943
1127	3158385298	False	1706	72	5	4	1	151593943
1128	3158310685	False	2501	109	15	2	4	151593943
1129	3158222496	True	2832	102	2	10	15	151593943
1130	3158054144	False	2865	55	2	8	11	151593943
1131	3157966774	True	3853	39	14	8	20	151593943
1132	3156848922	True	2090	77	3	4	2	151593943
1133	3156640264	False	2779	100	20	12	11	151593943
1134	3156551537	False	2961	104	7	14	6	151593943
1135	3156476999	False	2459	6	11	7	14	151593943
1136	3155284530	True	3035	28	5	12	15	151593943
1137	3154863916	False	2576	97	4	3	8	151593943
1138	3154788901	False	2253	2	14	11	6	151593943
1139	3154682369	True	1741	47	5	6	5	151593943
1140	3153353354	True	3904	35	9	17	18	151593943
1141	3153188094	True	1577	23	5	3	16	151593943
1142	3153056195	True	3110	72	17	5	10	151593943
1143	3152921089	False	2851	48	15	2	10	151593943
1144	3152821072	False	3257	86	4	23	20	151593943
1145	3152728605	False	3081	44	13	7	6	151593943
1146	3151059124	False	3393	25	15	13	2	151593943
1147	3150909690	False	3388	93	18	4	13	151593943
1148	3150457458	True	1849	22	5	4	4	151593943
1149	3150362039	False	2054	64	2	4	6	151593943
1150	3148810991	False	2277	48	5	4	9	151593943
1151	3148701593	True	2053	44	8	3	10	151593943
1152	3148538241	False	2436	45	19	18	12	151593943
1153	3148464986	False	1732	39	10	5	7	151593943
1154	3148335989	True	3611	21	6	11	19	151593943
1155	3148215876	False	2024	73	7	9	10	151593943
1156	3148111908	True	2730	87	5	8	32	151593943
1157	3146874650	False	2728	6	2	8	8	151593943
1158	3145938844	True	2531	19	18	13	27	151593943
1159	3144396546	False	4636	112	7	7	34	151593943
1160	3144251042	True	1631	95	8	3	10	151593943
1161	3143142831	True	1565	53	4	4	15	151593943
1162	3143017190	False	2579	47	11	7	19	151593943
1163	3142674918	False	2267	14	16	1	14	151593943
1164	3139459198	True	1942	114	7	10	10	151593943
1165	3139283127	True	2615	41	19	5	17	151593943
1166	3139171078	False	2205	98	15	7	6	151593943
1167	3139089252	True	2804	21	14	6	4	151593943
1168	3139024119	False	2357	13	9	11	8	151593943
1169	3138960050	False	2171	17	8	9	10	151593943
1170	3138741274	True	2252	5	13	3	12	151593943
1171	3137580481	False	1849	104	6	3	10	151593943
1172	3137498254	False	2242	96	4	6	9	151593943
1173	3136947657	True	2668	106	7	6	19	151593943
1174	3135836614	True	1753	94	0	3	12	151593943
1175	3135622953	False	2511	106	1	5	5	151593943
1176	3135528166	True	2020	10	6	2	3	151593943
1177	3135394794	False	3597	39	7	7	13	151593943
1178	3135245889	True	2150	61	14	0	11	151593943
1179	3135017776	False	2574	104	16	6	4	151593943
1180	3133263816	False	2126	25	6	6	6	151593943
1181	3133171773	True	2271	86	2	10	13	151593943
1182	3133088509	True	1754	114	2	6	11	151593943
1183	3132036110	False	2426	8	11	8	19	151593943
1184	3131973517	False	2054	95	5	10	8	151593943
1185	3131867015	False	3299	4	17	9	16	151593943
1186	3131780347	False	2598	72	21	9	14	151593943
1187	3131638960	False	2749	46	23	5	13	151593943
1188	3119609442	True	2545	57	4	8	24	151593943
1189	3107974747	False	2140	96	3	7	12	151593943
1190	3107878216	True	1627	8	7	2	7	151593943
1191	3106498494	False	2357	114	3	11	20	151593943
1192	3089073968	True	2126	28	6	5	23	151593943
1193	3088926726	True	2769	87	1	15	28	151593943
1194	3088833020	True	2285	5	3	6	14	151593943
1195	3088727025	True	3061	8	11	11	9	151593943
1196	3086754630	False	3307	16	6	15	20	151593943
1197	3086579284	False	2809	28	1	10	10	151593943
1198	3084795777	False	2988	16	7	11	14	151593943
1199	3084664721	False	3683	96	6	11	35	151593943
1200	4237716418	False	1991	46	6	6	5	195183065
1201	4237573291	True	2042	121	10	8	15	195183065
1202	4202338203	True	2502	74	4	7	10	195183065
1203	4202115281	False	2690	73	12	5	21	195183065
1204	4202025818	True	2830	41	14	5	21	195183065
1205	4200273884	True	2851	26	2	20	26	195183065
1206	4190482187	True	3278	9	33	15	35	195183065
1207	4190435617	True	2649	7	5	17	19	195183065
1208	4190377968	False	2608	63	16	5	27	195183065
1209	4178456167	True	2252	74	12	6	13	195183065
1210	4178390810	True	1985	11	22	2	8	195183065
1211	4175177992	False	3494	33	9	17	18	195183065
1212	4168757441	False	1988	97	3	8	9	195183065
1213	4167534794	True	2145	10	7	3	16	195183065
1214	4167432988	False	5625	36	18	17	26	195183065
1215	4167361790	True	2821	74	12	10	21	195183065
1216	4167269934	False	3083	14	8	13	31	195183065
1217	4165503875	False	1759	119	3	13	9	195183065
1218	4165441875	False	1758	14	8	8	22	195183065
1219	4160519379	True	2663	11	17	10	20	195183065
1220	4160445966	True	1872	14	10	7	20	195183065
1221	4160371158	True	1592	8	8	12	5	195183065
1222	4156034301	True	2746	70	13	8	11	195183065
1223	4155934460	False	4074	119	10	14	32	195183065
1224	4155821273	True	3709	26	6	14	20	195183065
1225	4155379876	True	2931	119	3	15	13	195183065
1226	4155272176	True	2216	109	8	4	11	195183065
1227	4154254188	True	2476	11	18	2	10	195183065
1228	4154227735	False	1974	23	9	11	10	195183065
1229	4154164306	False	3763	119	19	20	34	195183065
1230	4154108658	True	2836	54	10	8	6	195183065
1231	4154043350	True	2575	109	21	8	17	195183065
1232	4153937321	True	4356	74	34	10	33	195183065
1233	4147604199	False	1934	49	9	3	16	195183065
1234	4147569582	True	1503	14	4	2	20	195183065
1235	4147519831	False	2093	74	8	4	10	195183065
1236	4145210245	False	3575	86	12	12	43	195183065
1237	4143861935	False	3506	70	13	14	16	195183065
1238	4143334548	False	2736	109	8	9	10	195183065
1239	4141533403	True	3611	94	16	6	14	195183065
1240	4141395378	False	2728	11	7	6	8	195183065
1241	4140079395	True	2784	18	25	7	15	195183065
1242	4118067459	False	3141	14	7	13	18	195183065
1243	4118035340	False	1155	121	3	3	12	195183065
1244	4117943648	True	2906	11	25	8	8	195183065
1245	4117864262	False	2192	114	21	0	10	195183065
1246	4114768600	False	3484	109	11	8	28	195183065
1247	4114590297	True	2262	119	7	14	18	195183065
1248	4110945217	False	3764	97	2	15	22	195183065
1249	4110821446	False	2809	11	15	12	14	195183065
1250	4110660249	True	3576	119	11	14	29	195183065
1251	4109879833	False	2373	121	6	8	27	195183065
1252	4109823206	True	3591	121	8	15	25	195183065
1253	4107093267	False	2866	121	9	11	33	195183065
1254	4105582313	False	2251	121	9	6	26	195183065
1255	4105489730	False	2601	17	18	5	11	195183065
1256	4101349764	False	1191	39	11	4	2	195183065
1257	4101236688	True	3290	97	7	6	26	195183065
1258	4101170833	True	2039	74	10	7	7	195183065
1259	4101030443	False	2687	6	9	6	17	195183065
1260	4099711903	True	2551	121	10	7	12	195183065
1261	4095432341	True	2597	119	6	11	26	195183065
1262	4095393392	True	1282	9	9	3	12	195183065
1263	4095219068	True	2816	17	15	7	15	195183065
1264	4095139305	True	2715	12	26	7	19	195183065
1265	4095062441	False	2167	41	9	3	18	195183065
1266	4093291259	True	2076	74	4	3	15	195183065
1267	4093204908	False	3646	121	6	11	23	195183065
1268	4093146493	True	2212	119	6	8	21	195183065
1269	4093063957	False	2546	34	8	12	8	195183065
1270	4088437350	False	3372	34	17	9	32	195183065
1271	4086256354	True	4017	119	8	17	28	195183065
1272	4085033188	True	1832	12	7	13	11	195183065
1273	4084971559	False	2991	121	6	17	22	195183065
1274	4084831430	True	3858	74	14	9	18	195183065
1275	4084402973	False	3343	11	12	12	22	195183065
1276	4081928507	True	1590	40	3	12	6	195183065
1277	4081748827	False	3197	119	16	9	28	195183065
1278	4060392987	True	2918	8	28	5	20	195183065
1279	4060266664	False	1924	39	8	6	5	195183065
1280	4053388833	False	2302	97	0	6	18	195183065
1281	4053175655	False	3257	34	19	9	18	195183065
1282	4052295639	True	3234	26	7	16	16	195183065
1283	4051751403	True	1543	2	3	14	4	195183065
1284	4051682964	False	3511	76	38	12	14	195183065
1285	4051558695	True	5399	75	34	22	22	195183065
1286	4051496503	False	2733	95	12	11	22	195183065
1287	4051078475	True	2229	14	9	11	15	195183065
1288	4043854418	False	2163	7	5	8	22	195183065
1289	4043791504	True	1624	74	13	2	7	195183065
1290	4042798135	False	3143	11	14	11	8	195183065
1291	4042748575	True	2354	39	4	4	9	195183065
1292	4042095136	True	1939	97	4	8	12	195183065
1293	4042060854	False	445	74	1	2	0	195183065
1294	4041949082	False	2237	106	11	5	22	195183065
1295	4040729984	False	1847	11	12	3	6	195183065
1296	4038322262	False	2917	34	12	9	9	195183065
1297	4038242717	True	1591	11	10	3	7	195183065
1298	4029911897	True	2015	34	3	7	1	195183065
1299	4029845678	True	3237	9	22	9	27	195183065
1300	4029761527	True	3039	76	17	15	8	195183065
1301	4029698088	True	2037	86	5	5	23	195183065
1302	4029572556	True	2893	97	11	9	16	195183065
1303	4027936842	True	2423	97	6	16	16	195183065
1304	4027886259	False	2705	74	14	13	14	195183065
1305	4027841522	False	1963	11	17	9	3	195183065
1306	4027157808	False	3563	74	17	12	25	195183065
1307	4023443861	True	1740	46	19	3	11	195183065
1308	4023358932	False	2984	19	23	10	14	195183065
1309	4023299123	False	2398	74	12	6	18	195183065
1310	4023112469	True	1966	74	19	2	12	195183065
1311	4023051842	True	3669	34	13	11	14	195183065
1312	4023015893	False	2192	74	29	0	14	195183065
1313	4022987110	True	1743	46	2	7	4	195183065
1314	4022958285	False	1882	76	10	6	3	195183065
1315	4022921474	False	1723	74	10	2	11	195183065
1316	4022876336	True	3088	74	10	10	10	195183065
1317	4022842217	True	2173	13	14	5	11	195183065
1318	4022779919	False	4156	46	14	7	20	195183065
1319	4022731200	True	2467	21	14	3	18	195183065
1320	4022667692	False	3107	46	16	7	10	195183065
1321	4022554434	True	3347	11	16	14	22	195183065
1322	4019609144	True	2583	46	16	8	7	195183065
1323	4019572739	False	2121	74	20	1	9	195183065
1324	4019537489	True	1690	25	17	6	18	195183065
1325	4019482151	True	2504	19	15	3	9	195183065
1326	4019387218	False	4570	46	12	12	12	195183065
1327	4019294492	False	2527	34	4	12	10	195183065
1328	4019201101	True	3291	19	22	12	6	195183065
1329	4019139766	True	1953	11	12	4	16	195183065
1330	4019005386	False	1978	34	18	4	15	195183065
1331	4018916104	True	2546	46	27	6	11	195183065
1332	4018819913	True	1793	106	3	7	8	195183065
1333	4018755276	False	1600	76	11	2	6	195183065
1334	4018659810	False	1934	34	11	5	6	195183065
1335	4017781813	True	3168	14	22	10	27	195183065
1336	4017723733	True	3001	9	17	8	25	195183065
1337	4015747582	False	2079	93	15	3	20	195183065
1338	4005702438	False	2283	14	11	10	28	195183065
1339	4004637775	True	2763	11	17	5	18	195183065
1340	4002540988	False	2186	97	4	6	20	195183065
1341	4002506217	True	2504	11	10	7	5	195183065
1342	3994206589	False	2455	74	7	7	15	195183065
1343	3994151911	True	1988	20	8	7	22	195183065
1344	3994019236	True	2093	26	3	12	11	195183065
1345	3993957085	True	2627	8	16	7	13	195183065
1346	3992310290	False	2644	10	27	2	12	195183065
1347	3992248523	False	3162	97	7	7	28	195183065
1348	3992168634	True	3263	95	11	10	21	195183065
1349	3992109746	False	2926	34	20	8	11	195183065
1350	3992036863	False	2366	11	8	8	9	195183065
1351	3980118626	True	3170	11	13	10	17	195183065
1352	3980054693	True	2145	97	1	11	25	195183065
1353	3980008586	True	2228	23	10	9	13	195183065
1354	3979938670	True	2915	8	19	7	14	195183065
1355	3979864312	True	2230	97	10	7	11	195183065
1356	3979579020	True	2868	74	17	11	18	195183065
1357	3979511377	False	1368	11	3	5	1	195183065
1358	3974474141	True	3428	8	4	5	12	195183065
1359	3969010067	False	2809	74	14	7	7	195183065
1360	3968928126	False	1815	97	3	10	14	195183065
1361	3968795442	False	2684	25	16	9	5	195183065
1362	3966257323	True	1931	14	3	12	11	195183065
1363	3955615475	False	3469	34	12	8	12	195183065
1364	3955021522	False	3943	46	34	12	18	195183065
1365	3954978953	True	1929	46	9	2	8	195183065
1366	3954926446	False	3053	34	18	10	18	195183065
1367	3954891911	True	2518	114	4	9	10	195183065
1368	3954866936	False	1490	46	13	1	7	195183065
1369	3954829541	False	2229	34	4	10	8	195183065
1370	3954778476	True	2792	74	12	8	7	195183065
1371	3954724703	True	2539	74	18	6	16	195183065
1372	3954665791	True	2489	11	8	14	11	195183065
1373	3952962604	False	3323	74	21	6	8	195183065
1374	3952756079	False	3427	74	15	2	13	195183065
1375	3950893390	True	1913	11	9	10	9	195183065
1376	3931092095	False	3588	98	6	11	16	195183065
1377	3930954318	True	3377	74	20	6	17	195183065
1378	3930875312	True	1993	8	8	5	15	195183065
1379	3930752538	False	3243	11	20	6	15	195183065
1380	3929628137	True	2249	76	12	5	11	195183065
1381	3929552814	False	2530	76	12	7	6	195183065
1382	3929317019	False	3779	74	29	7	18	195183065
1383	3929090406	True	2340	11	24	9	14	195183065
1384	3928936946	True	2908	119	8	11	17	195183065
1385	3928410842	True	1743	39	13	2	8	195183065
1386	3928290742	True	2442	34	18	6	17	195183065
1387	3925653074	False	2401	76	21	4	6	195183065
1388	3925575733	False	2543	74	11	7	25	195183065
1389	3925517877	False	1822	14	8	8	15	195183065
1390	3924818451	False	2274	74	9	6	12	195183065
1391	3924708545	True	3217	11	29	4	15	195183065
1392	3924515741	False	2764	21	21	8	6	195183065
1393	3924474137	True	1387	74	9	1	9	195183065
1394	3924410791	False	2406	76	33	4	7	195183065
1395	3921234241	True	1858	72	5	7	9	195183065
1396	3920119535	False	2626	74	24	5	7	195183065
1397	3920067215	True	2578	11	25	3	8	195183065
1398	3919979639	True	3031	34	17	6	18	195183065
1399	3919873231	True	2889	76	9	10	3	195183065
1400	4249252632	True	2225	8	5	4	4	223264319
1401	4249153296	True	2573	7	10	6	21	223264319
1402	4248927640	False	2480	69	6	5	17	223264319
1403	4248843643	True	1994	5	12	4	6	223264319
1404	4248615129	True	1258	113	5	2	5	223264319
1405	4248534916	True	2351	57	5	7	22	223264319
1406	4248435697	True	1895	9	10	7	19	223264319
1407	4248330600	True	1600	51	0	4	3	223264319
1408	4246980372	False	2264	108	6	6	7	223264319
1409	4246912011	True	1733	121	7	10	15	223264319
1410	4246851424	True	1886	35	6	2	24	223264319
1411	4246789191	True	1509	6	3	9	2	223264319
1412	4246562908	False	2427	44	10	2	11	223264319
1413	4245252989	False	1963	48	5	9	7	223264319
1414	4245222562	False	946	7	2	2	2	223264319
1415	4245140876	False	2949	44	20	10	12	223264319
1416	4244922935	False	2538	98	7	6	20	223264319
1417	4244113810	True	2310	44	8	5	7	223264319
1418	4243791912	True	3799	86	6	12	10	223264319
1419	4243724313	True	2095	94	4	8	4	223264319
1420	4242842060	False	1969	44	22	3	8	223264319
1421	4242776080	False	2410	120	10	8	8	223264319
1422	4241920186	True	2589	8	4	13	17	223264319
1423	4241859926	True	2239	120	0	11	4	223264319
1424	4232746219	False	2098	78	7	11	8	223264319
1425	4232705327	True	1739	110	8	10	8	223264319
1426	4231906003	True	3424	28	10	7	12	223264319
1427	4230944867	True	1832	6	3	7	5	223264319
1428	4230878917	False	3046	120	7	11	22	223264319
1429	4230125444	True	3711	48	14	6	24	223264319
1430	4229013682	True	2347	120	10	5	14	223264319
1431	4226604056	True	3116	9	19	7	10	223264319
1432	4224972999	True	2042	95	2	10	2	223264319
1433	4224909046	False	1890	2	6	12	9	223264319
1434	4224865429	False	1665	21	2	5	7	223264319
1435	4224787244	True	2699	9	11	8	13	223264319
1436	4224572259	True	2926	113	5	11	9	223264319
1437	4222922304	False	2392	2	12	4	8	223264319
1438	4222241111	False	2856	6	8	10	17	223264319
1439	4222138616	False	3946	96	22	10	45	223264319
1440	4222048607	False	3457	9	25	5	15	223264319
1441	4221348734	True	1991	21	12	2	17	223264319
1442	4221236541	True	4589	113	11	11	20	223264319
1443	4220648444	False	3036	120	6	11	20	223264319
1444	4215461394	True	2021	7	11	10	8	223264319
1445	4215383319	True	2595	44	14	6	20	223264319
1446	4209421292	False	3107	114	16	9	12	223264319
1447	4208743253	True	3482	21	16	7	33	223264319
1448	4208689872	False	2815	22	10	14	18	223264319
1449	4208635934	True	2471	44	17	6	13	223264319
1450	4207825666	True	3958	22	12	11	21	223264319
1451	4207787382	True	837	8	4	1	1	223264319
1452	4206973780	False	1464	110	0	6	7	223264319
1453	4206870605	False	2630	84	5	7	5	223264319
1454	4206518390	True	3116	46	8	6	20	223264319
1455	4206433638	False	2756	106	9	10	12	223264319
1456	4206099114	False	2744	63	15	5	18	223264319
1457	4199387235	False	2786	41	8	4	27	223264319
1458	4199100525	False	2303	109	3	10	7	223264319
1459	4199043760	False	1470	73	1	8	7	223264319
1460	4198999405	False	2034	25	19	2	11	223264319
1461	4198928647	False	2561	7	6	1	3	223264319
1462	4197695188	False	2495	1	8	10	11	223264319
1463	4183398134	True	2359	78	8	8	9	223264319
1464	4183347497	True	1769	23	6	3	7	223264319
1465	4183289369	True	1611	52	5	9	4	223264319
1466	4170698247	True	2517	104	9	7	13	223264319
1467	4170648826	False	2171	25	2	9	6	223264319
1468	4170595383	True	2108	7	6	5	6	223264319
1469	4169250533	True	3209	63	6	4	11	223264319
1470	4169190122	True	2583	44	8	6	6	223264319
1471	4169123119	True	2518	44	10	4	6	223264319
1472	4169027462	False	3567	36	13	12	20	223264319
1473	4168967999	False	1896	25	15	3	15	223264319
1474	4168886158	True	1908	9	6	8	5	223264319
1475	4168079697	True	2352	5	6	11	10	223264319
1476	4168025327	False	1444	95	4	1	8	223264319
1477	4167222508	False	3797	44	24	5	10	223264319
1478	4167131533	True	2209	44	6	4	6	223264319
1479	4166998954	True	2966	95	15	11	12	223264319
1480	4166403034	True	4630	21	20	11	8	223264319
1481	4166292013	False	1973	26	3	4	29	223264319
1482	4166218990	False	2602	9	16	10	13	223264319
1483	4166074710	False	2766	96	4	9	23	223264319
1484	4164515639	False	2772	10	11	9	19	223264319
1485	4164453064	True	3039	73	8	12	17	223264319
1486	4164395026	True	3034	63	11	11	13	223264319
1487	4163712712	True	2787	26	3	11	18	223264319
1488	4163281563	True	2664	44	17	8	9	223264319
1489	4163097707	True	4812	120	18	17	22	223264319
1490	4162444160	False	2171	95	8	6	11	223264319
1491	4162395647	True	2184	44	7	5	7	223264319
1492	4161675181	True	2240	22	10	5	34	223264319
1493	4161614652	False	2660	25	13	4	8	223264319
1494	4161538825	True	2527	25	14	9	9	223264319
1495	4161489205	True	2636	48	5	8	14	223264319
1496	4157757072	False	2190	1	13	7	9	223264319
1497	4157562978	False	4066	48	13	16	26	223264319
1498	4157432281	False	3086	14	8	9	17	223264319
1499	4157236347	True	5527	5	19	23	19	223264319
1500	4156936774	False	2719	58	14	4	11	223264319
1501	4156855580	True	2253	11	6	11	5	223264319
1502	4156693940	True	2494	22	9	7	21	223264319
1503	4156613471	False	2280	85	0	9	16	223264319
1504	4155910806	False	3532	21	10	11	19	223264319
1505	4155863253	True	1679	22	3	8	4	223264319
1506	4155760165	True	1980	7	7	9	13	223264319
1507	4154956924	False	2786	9	5	8	14	223264319
1508	4154783071	False	1192	9	3	3	1	223264319
1509	4154701921	False	2855	25	20	12	10	223264319
1510	4153279856	False	1425	25	3	8	4	223264319
1511	4149016246	True	2009	22	8	5	22	223264319
1512	4148937539	False	2261	121	11	4	19	223264319
1513	4147531485	True	5088	63	23	10	12	223264319
1514	4145960535	False	2528	21	7	14	11	223264319
1515	4145874570	True	4869	44	26	9	19	223264319
1516	4145752130	False	2597	9	7	2	22	223264319
1517	4145675735	True	1726	63	11	2	11	223264319
1518	4145077957	True	2975	9	17	3	7	223264319
1519	4144107040	True	2960	63	9	10	17	223264319
1520	4144060372	True	2255	21	15	8	3	223264319
1521	4143989329	True	2744	9	5	7	13	223264319
1522	4143904696	False	3314	39	11	15	13	223264319
1523	4143825193	True	2785	113	8	5	12	223264319
1524	4143728799	False	2995	59	11	12	18	223264319
1525	4141991227	True	1979	14	8	4	18	223264319
1526	4141916957	True	2369	56	7	10	7	223264319
1527	4140545370	True	1880	76	3	8	7	223264319
1528	4140506533	True	2510	93	11	8	13	223264319
1529	4140451881	False	2669	12	20	3	19	223264319
1530	4140389593	True	2210	49	3	8	5	223264319
1531	4140337864	True	2104	41	8	12	9	223264319
1532	4140291209	True	1590	56	16	0	9	223264319
1533	4140226077	False	2141	56	8	6	11	223264319
1534	4139682406	True	3091	106	6	12	15	223264319
1535	4139009343	False	1662	58	2	8	3	223264319
1536	4138967920	True	2391	106	3	11	11	223264319
1537	4138924954	False	2402	9	7	5	18	223264319
1538	4138868831	False	2947	81	14	10	23	223264319
1539	4137348149	True	3013	48	8	10	14	223264319
1540	4137212102	False	4156	63	19	8	15	223264319
1541	4137126684	True	2855	6	6	9	21	223264319
1542	4135462651	True	2867	42	2	10	6	223264319
1543	4134208833	True	3542	1	9	6	13	223264319
1544	4134157174	True	2703	2	16	12	11	223264319
1545	4134066593	False	4071	70	12	8	24	223264319
1546	4133996979	True	2395	113	10	8	12	223264319
1547	4133932005	False	2260	46	5	12	4	223264319
1548	4133828058	False	2458	6	11	5	12	223264319
1549	4133720638	True	3080	106	11	11	16	223264319
1550	4133565384	True	3017	39	8	10	15	223264319
1551	4133361932	True	2597	44	9	11	7	223264319
1552	4133126443	False	1941	12	6	3	14	223264319
1553	4132954598	True	3121	25	9	12	5	223264319
1554	4132873223	False	1896	2	8	5	8	223264319
1555	4132791558	False	2259	39	5	8	10	223264319
1556	4131828963	True	4461	114	20	13	23	223264319
1557	4131398630	False	2319	48	9	13	10	223264319
1558	4131314885	True	1799	11	13	5	16	223264319
1559	4131211757	False	2610	22	8	9	14	223264319
1560	4131127213	True	2080	36	9	8	2	223264319
1561	4130992359	False	2510	32	23	3	16	223264319
1562	4130159456	True	3249	35	7	10	15	223264319
1563	4130076553	True	3919	113	8	13	15	223264319
1564	4130033072	False	1701	14	3	11	7	223264319
1565	4129950050	False	3375	106	24	9	19	223264319
1566	4129854487	False	3063	11	16	7	19	223264319
1567	4129747914	True	2811	7	6	9	16	223264319
1568	4129570584	True	3283	6	5	7	20	223264319
1569	4129118349	True	2472	18	4	6	5	223264319
1570	4128981243	True	2176	9	5	8	7	223264319
1571	4128921986	False	2092	44	3	10	4	223264319
1572	4128862571	False	2508	63	10	8	11	223264319
1573	4128815644	False	2018	21	5	6	7	223264319
1574	4128256562	False	3689	9	12	10	21	223264319
1575	4128178191	False	2951	17	11	5	27	223264319
1576	4128116211	False	2148	15	4	10	8	223264319
1577	4128023036	False	2505	21	20	7	4	223264319
1578	4127532636	False	2842	48	15	10	15	223264319
1579	4127411225	False	3731	75	4	12	13	223264319
1580	4127330311	True	1846	5	0	12	6	223264319
1581	4127292256	True	1673	106	2	6	21	223264319
1582	4123399381	True	3515	21	24	13	17	223264319
1583	4123347394	False	1848	53	3	10	2	223264319
1584	4122881621	True	2105	2	11	4	13	223264319
1585	4122837199	True	1656	92	3	11	1	223264319
1586	4122774764	True	1756	9	11	3	18	223264319
1587	4122727872	True	1777	98	6	9	5	223264319
1588	4122544791	False	3407	14	3	12	11	223264319
1589	4118903011	True	2566	9	4	7	6	223264319
1590	4115458396	True	1991	11	6	10	4	223264319
1591	4115311200	True	2667	9	10	5	12	223264319
1592	4115263343	True	1610	25	11	2	17	223264319
1593	4113581858	False	4118	56	18	15	11	223264319
1594	4113505567	False	1501	14	1	6	10	223264319
1595	4111242204	False	3564	14	13	14	28	223264319
1596	4111138076	False	3728	45	6	13	12	223264319
1597	4110442711	True	2946	104	16	11	11	223264319
1598	4110380196	True	2376	21	5	7	9	223264319
1599	4110301101	True	2884	98	6	13	12	223264319
