,COMMUNITY AREA NAME,KWH JANUARY 2010,KWH FEBRUARY 2010,KWH MARCH 2010,KWH APRIL 2010,KWH MAY 2010,KWH JUNE 2010,KWH JULY 2010,KWH AUGUST 2010,KWH SEPTEMBER 2010,KWH OCTOBER 2010,KWH NOVEMBER 2010,KWH DECEMBER 2010,TOTAL KWH,ELECTRICITY ACCOUNTS,ZERO KWH ACCOUNTS,THERM JANUARY 2010,THERM FEBRUARY 2010,THERM MARCH 2010,TERM APRIL 2010,THERM MAY 2010,THERM JUNE 2010,THERM JULY 2010,THERM AUGUST 2010,THERM SEPTEMBER 2010,THERM OCTOBER 2010,THERM NOVEMBER 2010,THERM DECEMBER 2010,TOTAL THERMS,GAS ACCOUNTS,KWH TOTAL SQFT,THERMS TOTAL SQFT,TOTAL POPULATION,TOTAL UNITS,AVERAGE STORIES,AVERAGE BUILDING AGE,AVERAGE HOUSESIZE,OCCUPIED UNITS,OCCUPIED UNITS PERCENTAGE,RENTER-OCCUPIED HOUSING UNITS,RENTER-OCCUPIED HOUSING PERCENTAGE
257,Albany Park,2220671.0,2109977.0,2078785.0,2080695.0,2582217.0,2881111.0,2683380.0,2614551.0,2196303.0,2236975.0,2572044.0,2611331.0,28868040.0,636,363,270493.0,213493.0,158624.0,82739.0,47881.0,25599.0,20464.0,18072.0,24207.0,40705.0,93500.0,206269.0,1202046.0,237,1643197.0,1459262.0,20271.0,7713.0,1.65,66.77,678.87,6822.0,0.8845,4535.0,0.6648
2529,Archer Heights,1681133.0,1537013.0,1508250.0,1604688.0,1769408.0,1983709.0,1916261.0,1864656.0,1671363.0,1627799.0,1659764.0,1874740.0,20698784.0,114,58,263351.0,221963.0,166892.0,94288.0,67741.0,62986.0,66531.0,75045.0,71108.0,77913.0,112594.0,206492.0,1486904.0,105,1422458.0,1793970.0,4055.0,1597.0,1.29,51.49,219.83,1472.0,0.9217,644.0,0.4375
2926,Armour Square,1019810.0,1182215.0,1043623.0,1020908.0,1069333.0,1135115.0,1403466.0,1307974.0,1111612.0,1032310.0,1169747.0,1345210.0,13841323.0,404,76,121277.0,83625.0,94582.0,44519.0,27671.0,22174.0,19444.0,20396.0,19731.0,28473.0,62263.0,112212.0,656367.0,67,1025975.0,903924.0,5294.0,2468.0,1.8,36.85,165.3,2275.0,0.9218,1723.0,0.7574
3207,Ashburn,2508955.0,2667015.0,2508769.0,2639879.0,3348938.0,3448348.0,3697114.0,3116143.0,2741147.0,3229727.0,3303222.0,3801941.0,37011198.0,281,123,190792.0,164349.0,132801.0,59017.0,31137.0,21464.0,10477.0,22907.0,14293.0,28620.0,61891.0,132498.0,870246.0,208,1809982.0,1773419.0,14401.0,5094.0,1.31,42.66,683.51,4751.0,0.9327,971.0,0.2044
4077,Auburn Gresham,2098056.0,1966320.0,1846645.0,1750305.0,1950891.0,2209779.0,2191244.0,2090741.0,1670173.0,1734975.0,2273953.0,2736907.0,24519989.0,727,389,455320.0,397220.0,281565.0,133573.0,82845.0,39754.0,29625.0,27948.0,28063.0,63842.0,177954.0,394243.0,2111952.0,407,2436693.0,2360039.0,22248.0,10467.0,1.46,61.23,1148.76,8659.0,0.8273,5278.0,0.6095
5497,Austin,4914217.0,4602145.0,4276679.0,3741778.0,4655376.0,5035923.0,5490870.0,5368086.0,4598089.0,4103613.0,4760380.0,5642098.0,57189254.0,1249,709,824780.0,738069.0,523439.0,261901.0,152696.0,97750.0,87539.0,81756.0,94876.0,144435.0,349969.0,697764.0,4054974.0,663,5074297.0,4245945.0,48897.0,19985.0,1.58,59.6,2061.92,16903.0,0.8458,11419.0,0.6756
8012,Avalon Park,765318.0,591094.0,548456.0,546482.0,561253.0,553416.0,550277.0,577188.0,484164.0,585935.0,747036.0,855011.0,7365630.0,121,62,130575.0,106298.0,75686.0,43561.0,31215.0,25783.0,22612.0,22742.0,23080.0,30950.0,52525.0,121928.0,686955.0,111,605375.0,969393.0,3553.0,1527.0,1.33,57.29,218.93,1335.0,0.8743,335.0,0.2509
8351,Avondale,1411929.0,1355511.0,1326372.0,1241245.0,1618390.0,1788565.0,1811734.0,1663774.0,1484830.0,1470532.0,1605170.0,1791242.0,18569294.0,255,157,219380.0,180556.0,145576.0,81719.0,39717.0,23123.0,19601.0,18349.0,18701.0,29580.0,67356.0,166983.0,1010641.0,207,1305355.0,1022718.0,12002.0,4951.0,1.45,61.82,469.6,4342.0,0.877,2794.0,0.6435
9312,Belmont Cragin,2089837.0,2400735.0,2210776.0,2274712.0,2725378.0,3080353.0,3024102.0,2990352.0,2574851.0,2401706.0,2818770.0,2967803.0,31559375.0,866,322,495569.0,461671.0,300423.0,139364.0,99034.0,56940.0,50769.0,51217.0,53287.0,91421.0,215208.0,502957.0,2517860.0,429,2695775.0,2806677.0,29058.0,9026.0,1.39,55.29,1499.9,8197.0,0.9081,4409.0,0.5379
11126,Beverly,560023.0,584902.0,518471.0,548344.0,684296.0,779664.0,780407.0,689834.0,572004.0,565168.0,762021.0,729952.0,7775086.0,285,104,111224.0,90435.0,69747.0,28649.0,17250.0,11365.0,8395.0,8128.0,7582.0,11809.0,40152.0,92980.0,497716.0,131,818592.0,644045.0,9250.0,4671.0,1.63,58.32,399.42,4181.0,0.8951,1952.0,0.4669
11697,Bridgeport,2649974.0,2551970.0,2848726.0,2747138.0,3298406.0,3410631.0,3693863.0,3383587.0,3272752.0,2981207.0,2918982.0,2657128.0,36414364.0,343,164,356488.0,266991.0,248975.0,79428.0,45634.0,25555.0,22752.0,19879.0,23557.0,39833.0,153871.0,333115.0,1616078.0,259,1746218.0,2872025.0,16640.0,7306.0,1.44,59.13,598.41,6445.0,0.8822,3820.0,0.5927
12622,Brighton Park,1347827.0,1410908.0,1259798.0,1238368.0,1404637.0,1614426.0,1632470.0,1726260.0,1502387.0,1319201.0,1394203.0,1512031.0,17362516.0,292,152,274034.0,231872.0,175240.0,69596.0,41790.0,27871.0,21588.0,19866.0,21597.0,33852.0,91910.0,216806.0,1226022.0,243,1877358.0,1894554.0,16846.0,5413.0,1.4,54.2,791.33,4624.0,0.8542,2677.0,0.5789
13584,Burnside,264004.0,324667.0,308677.0,302692.0,341032.0,356029.0,340311.0,309799.0,292797.0,277470.0,338174.0,423190.0,3878842.0,117,42,83168.0,57775.0,55350.0,13541.0,8541.0,2637.0,2325.0,2038.0,2505.0,10967.0,30734.0,86022.0,355603.0,42,472742.0,460918.0,1900.0,893.0,1.51,66.73,145.37,751.0,0.841,450.0,0.5992
13694,Calumet Heights,1546739.0,1446454.0,1363576.0,1414796.0,1650509.0,1871270.0,1952576.0,1680314.0,1383376.0,1361837.0,1751805.0,2017277.0,19440529.0,184,102,180225.0,118939.0,162636.0,68413.0,54959.0,40991.0,35727.0,33227.0,39528.0,53833.0,103837.0,187154.0,1079469.0,144,831770.0,1281634.0,4144.0,1914.0,1.54,55.34,315.66,1717.0,0.897,634.0,0.3692
14180,Chatham,886167.0,862385.0,838307.0,844807.0,960821.0,1113659.0,1136125.0,1022549.0,845302.0,907896.0,1062348.0,1195916.0,11676282.0,634,414,263302.0,218935.0,173999.0,89133.0,51287.0,23891.0,18080.0,17893.0,18930.0,38777.0,107756.0,233130.0,1255113.0,249,1390638.0,1268345.0,17272.0,10435.0,1.5,56.36,686.53,8396.0,0.8046,5933.0,0.7066
15123,Chicago Lawn,1075366.0,1029545.0,983100.0,990490.0,1184787.0,1291230.0,1318809.0,1415874.0,1035276.0,1018442.0,1144872.0,1275472.0,13763263.0,421,397,254142.0,215874.0,150095.0,74485.0,43653.0,27809.0,28042.0,25512.0,25395.0,42981.0,96976.0,219225.0,1204189.0,375,1078653.0,1093851.0,22701.0,7862.0,1.47,62.48,1208.49,6456.0,0.8212,3732.0,0.5781
16489,Clearing,863373.0,811436.0,749534.0,802344.0,948137.0,1083483.0,1029279.0,1051734.0,850695.0,779920.0,883106.0,1037354.0,10890395.0,216,95,133721.0,116137.0,83866.0,37288.0,19628.0,11570.0,8989.0,8882.0,9547.0,16271.0,41335.0,101002.0,588236.0,129,715613.0,729699.0,7065.0,2910.0,1.42,42.58,339.73,2683.0,0.922,1015.0,0.3782
17100,Douglas,6624880.0,6691612.0,6314805.0,6310737.0,7228751.0,7998428.0,9175928.0,9096556.0,7657890.0,6727588.0,7140361.0,7717075.0,88684611.0,804,298,380809.0,304127.0,220432.0,114488.0,73311.0,44556.0,46042.0,48104.0,46220.0,94124.0,191760.0,336065.0,1900038.0,73,2128961.0,1631858.0,9663.0,4405.0,2.39,35.36,166.33,3747.0,0.8506,2559.0,0.6829
17272,Dunning,1505577.0,1654605.0,1520959.0,1566544.0,1865673.0,2161247.0,2275265.0,2186841.0,1795222.0,1668599.0,1847180.0,1992827.0,22040539.0,589,190,350778.0,291171.0,214158.0,110174.0,94995.0,56889.0,36487.0,37954.0,42678.0,65401.0,154612.0,309917.0,1765214.0,322,2456674.0,2460057.0,18478.0,7832.0,1.57,53.8,864.68,7301.0,0.9322,2200.0,0.3013
18373,East Garfield Park,1887506.0,2012164.0,1807533.0,1837159.0,2066725.0,2037966.0,2255292.0,2233284.0,2051976.0,1835099.0,2028889.0,2555553.0,24609146.0,494,281,546908.0,340160.0,373930.0,107478.0,59865.0,30747.0,20241.0,18952.0,23442.0,57663.0,224467.0,461571.0,2265424.0,241,2396497.0,2526507.0,14728.0,6426.0,1.54,53.75,696.45,5145.0,0.8007,4066.0,0.7903
18981,East Side,1234030.0,1169506.0,1024702.0,1029100.0,1024856.0,1023273.0,908406.0,954301.0,877768.0,993220.0,1254373.0,1276189.0,12769724.0,143,75,125850.0,103835.0,83349.0,36894.0,19382.0,9893.0,6646.0,6123.0,7115.0,17490.0,49495.0,106222.0,572294.0,145,979754.0,868026.0,7756.0,2555.0,1.31,55.1,461.25,2269.0,0.8881,906.0,0.3993
19573,Edgewater,5791710.0,4436045.0,3300147.0,3314944.0,3606998.0,4537193.0,4025829.0,3798947.0,3092907.0,3821281.0,6921551.0,6641729.0,53289281.0,2930,1015,619343.0,510906.0,378394.0,194658.0,135070.0,66514.0,55724.0,56247.0,71350.0,147575.0,294651.0,601840.0,3132272.0,226,8671406.0,4477430.0,40043.0,22893.0,3.05,58.34,495.13,20530.0,0.8968,13273.0,0.6465
20600,Edison Park,383938.0,410620.0,401786.0,440408.0,558233.0,608687.0,580454.0,514053.0,423869.0,410622.0,456842.0,467644.0,5657156.0,192,55,117982.0,91900.0,73551.0,38658.0,22768.0,12520.0,9094.0,7906.0,8715.0,15166.0,34834.0,78443.0,511537.0,95,524261.0,465178.0,4894.0,2774.0,1.57,46.21,188.86,2599.0,0.9369,1233.0,0.4744
20939,Englewood,1783889.0,1966486.0,1564426.0,1549178.0,1874182.0,2108378.0,2162899.0,2244602.0,1664033.0,1672094.0,2042417.0,2305825.0,22938409.0,1182,745,426695.0,369081.0,261248.0,127395.0,77551.0,32003.0,28281.0,27158.0,35751.0,84284.0,204227.0,442781.0,2116455.0,390,3077783.0,2691051.0,20976.0,10062.0,1.75,78.62,1467.61,7097.0,0.7053,5213.0,0.7345
22010,Forest Glen,1023402.0,912358.0,716416.0,766689.0,977414.0,1179294.0,1163718.0,964554.0,760971.0,800563.0,1307053.0,1404991.0,11977423.0,275,67,128244.0,111596.0,76582.0,35379.0,20946.0,9338.0,7531.0,6958.0,7424.0,18682.0,50261.0,120517.0,593458.0,158,766170.0,749980.0,6472.0,2677.0,1.54,49.75,398.22,2504.0,0.9354,489.0,0.1953
22529,Fuller Park,590923.0,593941.0,576885.0,546222.0,663164.0,644518.0,699742.0,660675.0,604430.0,597427.0,624542.0,702589.0,7505058.0,367,199,145908.0,117030.0,103662.0,44428.0,18764.0,9084.0,6812.0,7247.0,8518.0,21500.0,73020.0,128026.0,683999.0,62,750584.0,768995.0,1989.0,1126.0,1.53,57.78,173.7,853.0,0.7575,631.0,0.7397
22651,Gage Park,2595319.0,2647217.0,2397152.0,2384401.0,2670172.0,2898988.0,2946263.0,3074714.0,2585956.0,2425127.0,2857879.0,3127161.0,32610349.0,354,168,216683.0,181068.0,123550.0,51934.0,36005.0,25106.0,22030.0,19599.0,22164.0,39505.0,100329.0,201775.0,1039748.0,184,2188264.0,2138178.0,13282.0,3902.0,1.49,57.06,703.07,3492.0,0.8948,1973.0,0.565
23472,Garfield Ridge,1441562.0,1367572.0,1340630.0,1561797.0,1561194.0,1871890.0,1954834.0,1929342.0,1438736.0,1335332.0,1527418.0,1769850.0,19100157.0,462,144,424761.0,346070.0,275876.0,168760.0,129299.0,100931.0,94862.0,90908.0,104102.0,140777.0,222251.0,355999.0,2454596.0,248,1116803.0,1530611.0,10280.0,4178.0,1.36,43.45,627.9,3856.0,0.9229,1483.0,0.3846
24408,Grand Boulevard,1446566.0,1858785.0,1597030.0,1314220.0,1553999.0,1664996.0,1778202.0,1855897.0,1470409.0,1511646.0,1866706.0,2386954.0,20305410.0,937,421,295946.0,224982.0,211628.0,81785.0,38457.0,30858.0,19097.0,24137.0,23390.0,49613.0,141806.0,284468.0,1426167.0,199,2215399.0,1662885.0,11312.0,6887.0,1.87,51.64,421.33,5616.0,0.8154,4401.0,0.7837
25011,Greater Grand Crossing,2407392.0,2313099.0,2147071.0,2085397.0,2011262.0,2489436.0,2397967.0,2206563.0,2152395.0,2097805.0,2450609.0,2812830.0,27571826.0,438,336,682872.0,627715.0,503810.0,284119.0,95846.0,41077.0,31458.0,43672.0,39347.0,159102.0,395960.0,705234.0,3610212.0,318,1596431.0,2589207.0,20909.0,9896.0,1.54,66.74,863.48,7762.0,0.7844,5706.0,0.7351
26117,Hegewisch,201295.0,212003.0,207286.0,223586.0,234138.0,251503.0,265041.0,258064.0,217810.0,213517.0,239939.0,261641.0,2785823.0,96,19,42722.0,32809.0,28715.0,13194.0,5812.0,3563.0,2738.0,2407.0,2534.0,3563.0,9089.0,23464.0,170610.0,74,386497.0,247405.0,2436.0,1028.0,1.29,48.37,191.27,931.0,0.9056,335.0,0.3597
26442,Hermosa,570509.0,704809.0,685185.0,623713.0,765381.0,845942.0,833600.0,819654.0,680037.0,675053.0,770470.0,848429.0,8822782.0,186,113,396241.0,348798.0,272115.0,176307.0,150113.0,129053.0,116585.0,133320.0,129109.0,138861.0,218645.0,367666.0,2576813.0,120,1536031.0,1237835.0,11210.0,4182.0,1.51,60.37,397.38,3740.0,0.8943,2696.0,0.7209
26989,Humboldt Park,3134909.0,3099375.0,2939250.0,2754168.0,3274947.0,3423308.0,3518045.0,3639515.0,2865504.0,2910846.0,3709821.0,4162062.0,39431750.0,779,416,876032.0,747001.0,649624.0,430999.0,398936.0,387442.0,398853.0,394848.0,370430.0,429368.0,570825.0,913124.0,6567482.0,403,4598636.0,3937976.0,29607.0,11117.0,1.54,64.2,1362.0,9264.0,0.8332,6290.0,0.679
28455,Hyde Park,988250.0,902461.0,870778.0,788976.0,808066.0,929705.0,1042481.0,975926.0,776025.0,789191.0,1067337.0,1331594.0,11270790.0,769,356,324730.0,303773.0,269859.0,121997.0,113790.0,38104.0,31443.0,29445.0,33649.0,69385.0,157370.0,290450.0,1783995.0,133,1891759.0,3101341.0,26450.0,14815.0,3.11,51.04,300.22,13203.0,0.8912,8734.0,0.6615
28862,Irving Park,2100277.0,2044580.0,1978322.0,1991902.0,2449016.0,2953927.0,2696669.0,2573278.0,2129827.0,2021972.0,2296564.0,2628116.0,27864450.0,756,285,453447.0,390967.0,283445.0,152558.0,104088.0,67274.0,58824.0,56748.0,56423.0,84207.0,185079.0,367077.0,2260137.0,349,3223219.0,2823184.0,28204.0,12827.0,1.67,59.09,902.39,11782.0,0.9185,7373.0,0.6258
30490,Jefferson Park,1468384.0,1517614.0,1386699.0,1445982.0,1767611.0,1904462.0,1847645.0,1649511.0,1390194.0,1464302.0,1779826.0,1831012.0,19453242.0,555,121,205473.0,175073.0,138877.0,77432.0,49670.0,33642.0,25404.0,25187.0,26595.0,34718.0,70066.0,145422.0,1007559.0,266,1040983.0,1087315.0,14408.0,6615.0,1.49,56.25,663.71,6069.0,0.9175,2537.0,0.418
31298,Kenwood,1514588.0,1467831.0,1393508.0,1315174.0,1548120.0,1618034.0,1696199.0,1739934.0,1547276.0,1425469.0,1601969.0,1617184.0,18485286.0,628,266,235869.0,239079.0,194601.0,86687.0,57404.0,39143.0,35801.0,36274.0,35403.0,59247.0,145383.0,268211.0,1433102.0,64,1557425.0,1810971.0,9078.0,4831.0,3.43,46.01,153.82,4313.0,0.8928,2983.0,0.6916
31524,Lakeview,5353409.0,4931519.0,4760201.0,4754874.0,6117506.0,7227951.0,7788242.0,6771529.0,5278168.0,5033755.0,6085598.0,6974936.0,71077688.0,4295,1682,1071828.0,876313.0,675689.0,354402.0,214594.0,120221.0,109663.0,106299.0,122970.0,227536.0,503663.0,1025415.0,5408593.0,415,11452956.0,11967541.0,59202.0,40179.0,2.67,65.02,832.0,36470.0,0.9077,25512.0,0.6995
33531,Lincoln Park,3888718.0,3739979.0,3477020.0,3363408.0,4380843.0,5555584.0,5536628.0,5430680.0,4163591.0,3707084.0,4082974.0,5087618.0,52414127.0,3233,1133,798886.0,665461.0,478687.0,250805.0,179377.0,108019.0,101737.0,101368.0,112542.0,185493.0,404007.0,820375.0,4206757.0,397,7953558.0,6332601.0,48156.0,29033.0,2.52,63.0,795.31,26631.0,0.9173,17013.0,0.6388
34974,Lincoln Square,1531706.0,1567709.0,1461519.0,1659906.0,2022953.0,2591943.0,2749553.0,2166007.0,1695068.0,1580423.0,1895337.0,2001539.0,22923663.0,853,430,438973.0,377733.0,304142.0,185242.0,92369.0,52989.0,45289.0,41535.0,48713.0,92761.0,196962.0,404587.0,2281295.0,234,1725978.0,1824327.0,21257.0,12300.0,1.87,60.07,495.98,11104.0,0.9028,8170.0,0.7358
36151,Logan Square,3998960.0,3769789.0,3530031.0,3475786.0,3936037.0,4450751.0,4391285.0,4409802.0,3869364.0,3671867.0,4181478.0,4693652.0,48378802.0,819,648,533131.0,449407.0,442317.0,172071.0,117750.0,86406.0,73678.0,79345.0,77765.0,117073.0,254468.0,503571.0,2906982.0,566,3572679.0,3074332.0,36436.0,17008.0,1.56,62.76,1228.36,15374.0,0.9039,10956.0,0.7126
38439,Loop,52985338.0,47879756.0,44136463.0,42220549.0,46950669.0,49858827.0,49443102.0,48097101.0,44503864.0,42257527.0,52497173.0,62344363.0,583174732.0,2621,1225,1775699.0,1412107.0,1092035.0,525624.0,374438.0,231043.0,218267.0,217444.0,230921.0,418794.0,922979.0,1862427.0,9281778.0,90,48592746.0,45511769.0,13729.0,9412.0,18.47,53.43,55.15,7578.0,0.8051,5641.0,0.7444
38596,Lower West Side,2523440.0,2822992.0,2645923.0,2597560.0,3043885.0,2986722.0,3309040.0,3147007.0,2860615.0,2599829.0,2882389.0,3106547.0,34525949.0,273,150,518076.0,387943.0,510918.0,260303.0,190006.0,150183.0,155930.0,173791.0,174256.0,196001.0,279907.0,495568.0,3492882.0,260,2492121.0,2514453.0,15735.0,6622.0,1.57,63.07,570.44,5508.0,0.8318,4325.0,0.7852
39541,McKinley Park,604182.0,614221.0,592700.0,547680.0,623550.0,646471.0,752107.0,719639.0,593191.0,550950.0,584128.0,697890.0,7526709.0,141,52,150475.0,124574.0,88674.0,38655.0,20123.0,11324.0,9295.0,9153.0,10663.0,16503.0,52481.0,130605.0,662525.0,103,454975.0,995058.0,6378.0,2305.0,1.38,57.38,327.11,2071.0,0.8985,1011.0,0.4882
39989,Montclare,1087415.0,1018396.0,1104894.0,1124168.0,1397367.0,1628918.0,1776546.0,1685385.0,1357816.0,1162821.0,1264519.0,1352170.0,15960415.0,402,96,158320.0,134348.0,93800.0,56470.0,34364.0,16825.0,17164.0,16438.0,18739.0,33036.0,60679.0,117978.0,758161.0,123,1107409.0,803136.0,6809.0,3003.0,1.5,45.49,312.29,2423.0,0.8069,1237.0,0.5105
40340,Morgan Park,1049786.0,957076.0,827380.0,876633.0,1062195.0,1206673.0,1178797.0,1057567.0,873935.0,971942.0,1170781.0,1221681.0,12454446.0,326,199,208019.0,176228.0,123155.0,55002.0,30217.0,17285.0,12654.0,11745.0,11903.0,28104.0,90928.0,182759.0,947999.0,194,844955.0,1105174.0,12175.0,5209.0,1.38,49.21,584.11,4596.0,0.8823,1644.0,0.3577
40951,Mount Greenwood,382423.0,372393.0,346910.0,373943.0,477793.0,535717.0,550226.0,530433.0,404129.0,397330.0,463858.0,496099.0,5331254.0,169,86,96153.0,82418.0,53007.0,36062.0,14828.0,7716.0,6100.0,6221.0,8138.0,12004.0,39516.0,86590.0,448753.0,92,408158.0,383631.0,6277.0,2583.0,1.39,48.54,211.79,2448.0,0.9477,555.0,0.2267
41324,Near North Side,27406980.0,26268680.0,23232831.0,22007261.0,25755723.0,29267150.0,31307909.0,30795059.0,26535887.0,23786022.0,28091097.0,33744291.0,328198890.0,7305,2463,1945695.0,1661273.0,1269263.0,746972.0,547394.0,399757.0,336847.0,334979.0,346300.0,561689.0,1042453.0,1885549.0,11078171.0,309,31715999.0,30795451.0,67388.0,51372.0,7.54,36.4,408.76,43222.0,0.8414,28335.0,0.6556
41968,Near South Side,11784382.0,14163767.0,13775522.0,12436977.0,15184255.0,14834159.0,18118291.0,16079469.0,16956992.0,14387706.0,16519840.0,14633467.0,178874827.0,1485,381,373155.0,290560.0,222342.0,134291.0,97515.0,56639.0,48402.0,48331.0,57994.0,96893.0,192752.0,362072.0,1980946.0,49,15367811.0,13437906.0,9715.0,7003.0,4.09,28.3,40.64,6141.0,0.8769,4802.0,0.782
42085,Near West Side,35362948.0,35458619.0,37667589.0,38224752.0,48619249.0,52569078.0,55139826.0,51589125.0,41882244.0,37474501.0,39895433.0,40901987.0,514785351.0,4790,2322,6335548.0,5299982.0,4391043.0,2693870.0,2262504.0,1875059.0,1842373.0,1731502.0,1723688.0,2275500.0,3440335.0,5796167.0,39667571.0,427,28610030.0,21595315.0,25110.0,14097.0,3.04,37.13,572.99,12204.0,0.8656,8826.0,0.7232
42998,New City,8630786.0,8687716.0,8436271.0,8332839.0,8725653.0,9783261.0,9380743.0,9690511.0,9277566.0,8512713.0,9205822.0,9852595.0,108516476.0,602,407,899027.0,736246.0,543420.0,287619.0,203308.0,195155.0,181249.0,169023.0,177301.0,213552.0,401268.0,860182.0,4867350.0,432,4098106.0,5313754.0,20220.0,8042.0,1.48,65.14,1289.62,6354.0,0.7901,4319.0,0.6797
44263,North Center,2090724.0,2155244.0,2119223.0,2022760.0,2345272.0,2604172.0,2494675.0,2478678.0,2150276.0,2282498.0,2358174.0,2790392.0,27892088.0,285,222,329117.0,277874.0,196942.0,97392.0,67256.0,43761.0,35508.0,31179.0,35426.0,61711.0,134134.0,275489.0,1585789.0,236,2378218.0,2169679.0,13118.0,7610.0,1.58,61.47,525.48,6068.0,0.7974,3458.0,0.5699
45428,North Lawndale,3525053.0,3677054.0,3412329.0,3201680.0,3604683.0,3790701.0,4175772.0,3941816.0,3725359.0,3391449.0,4191796.0,4236622.0,44874314.0,579,421,942272.0,803627.0,733517.0,506675.0,462299.0,411275.0,428139.0,432725.0,425091.0,464266.0,556529.0,834879.0,7001294.0,386,4071390.0,3684068.0,24792.0,9790.0,1.63,57.04,1053.03,7696.0,0.7861,6018.0,0.782
46411,North Park,3026415.0,2849007.0,2734869.0,2718337.0,3201377.0,3397407.0,3443474.0,3218032.0,2840433.0,2843005.0,3393692.0,3127056.0,36793104.0,328,67,333328.0,277290.0,210973.0,99258.0,62891.0,47389.0,68781.0,41173.0,39959.0,63059.0,134135.0,268201.0,1646437.0,115,1562054.0,1410557.0,6592.0,2597.0,1.56,46.36,267.63,2405.0,0.9261,1329.0,0.5526
46880,Norwood Park,3902473.0,3962044.0,3883076.0,4238067.0,5470284.0,6301314.0,5990260.0,5306337.0,4443582.0,3855759.0,4806837.0,4491670.0,56651703.0,634,130,470224.0,391732.0,321301.0,212050.0,162199.0,123275.0,110713.0,115244.0,126585.0,179054.0,260962.0,421008.0,2894347.0,296,2674226.0,2046008.0,15861.0,7114.0,1.47,51.57,739.07,6547.0,0.9203,1488.0,0.2273
47961,O'Hare,1185304.0,1227033.0,1101650.0,1165068.0,1308360.0,1516399.0,1337715.0,1431820.0,1170274.0,1137894.0,1408003.0,1316817.0,15306337.0,494,240,136480.0,113829.0,95493.0,64100.0,62839.0,65956.0,77167.0,77271.0,37986.0,46626.0,80602.0,123289.0,981638.0,36,1254937.0,992684.0,10709.0,5356.0,2.62,29.89,92.88,4912.0,0.917,2711.0,0.5519
48074,Oakland,606995.0,674425.0,659414.0,557238.0,589675.0,576433.0,671706.0,633543.0,577961.0,575209.0,715955.0,895466.0,7734020.0,741,347,185557.0,162225.0,109981.0,95296.0,52733.0,26022.0,26145.0,27285.0,37827.0,56003.0,94444.0,177083.0,1050601.0,34,1117020.0,1186153.0,7155.0,3662.0,3.3,32.48,106.67,3165.0,0.8643,2850.0,0.9005
48177,Portage Park,1920205.0,2067335.0,1713795.0,1858051.0,2255021.0,2591761.0,2600760.0,2379471.0,1954611.0,1839998.0,2135345.0,2285235.0,25601588.0,854,313,352667.0,320119.0,220219.0,114647.0,68823.0,38920.0,31651.0,30192.0,33485.0,54005.0,129200.0,296623.0,1690551.0,398,1691584.0,2007445.0,27289.0,11105.0,1.49,58.15,1117.72,9994.0,0.9,4870.0,0.4872
49919,Pullman,1002894.0,1065381.0,1007863.0,986485.0,1170214.0,1189882.0,1222118.0,1123245.0,895504.0,921438.0,1239146.0,1281097.0,13105267.0,89,42,115170.0,99269.0,62353.0,25097.0,13733.0,6411.0,5387.0,5945.0,5794.0,12014.0,34381.0,105371.0,490925.0,65,1537565.0,1337950.0,3431.0,1603.0,1.6,61.99,190.78,1382.0,0.8621,790.0,0.5716
50111,Riverdale,8830977.0,11332256.0,10023727.0,10855020.0,11646116.0,11640141.0,12353480.0,8749451.0,10178459.0,9601983.0,10217690.0,238650.0,115667950.0,34,24,158655.0,123014.0,79839.0,27100.0,34540.0,14923.0,8796.0,8411.0,9742.0,30578.0,80402.0,162690.0,738690.0,52,2534220.0,2886792.0,1899.0,1554.0,1.19,25.04,77.53,645.0,0.415,516.0,0.8
50160,Rogers Park,2136214.0,2161857.0,2008756.0,2057464.0,2446836.0,2824275.0,2781596.0,2484761.0,2108710.0,2293646.0,2611706.0,2752623.0,28668444.0,1918,1476,2084011.0,1792211.0,1481742.0,876463.0,564061.0,297238.0,249736.0,251629.0,293750.0,546707.0,1230830.0,1872493.0,11540871.0,269,3251901.0,3687333.0,48386.0,23495.0,2.33,56.61,764.72,21087.0,0.8975,15684.0,0.7437
51210,Roseland,1370531.0,3482764.0,3137589.0,3261380.0,3290701.0,3986851.0,4082283.0,3826572.0,3270486.0,3075260.0,3964581.0,3900000.0,40648998.0,647,423,372075.0,321646.0,227969.0,103850.0,62569.0,31751.0,19644.0,26909.0,24624.0,56529.0,145057.0,337435.0,1730058.0,466,1631881.0,1822716.0,18465.0,7658.0,1.52,65.68,1446.33,6399.0,0.8356,3317.0,0.5184
52660,South Chicago,1290261.0,1311061.0,1156547.0,1168713.0,1306935.0,1454063.0,1433780.0,1362254.0,1101717.0,1142183.0,1413315.0,1603241.0,15744070.0,630,402,347313.0,285936.0,214261.0,100683.0,55160.0,26227.0,24696.0,21030.0,22420.0,49255.0,140162.0,298848.0,1585991.0,323,1914583.0,1842573.0,19811.0,9849.0,1.62,67.69,925.35,7906.0,0.8027,5668.0,0.7169
53638,South Deering,9677002.0,9214545.0,8593639.0,8585102.0,6879846.0,8796801.0,8818417.0,9575661.0,9011973.0,10744740.0,10291032.0,11169476.0,111358234.0,139,63,1746586.0,1445439.0,1079744.0,609064.0,430936.0,328770.0,186828.0,314151.0,332870.0,571121.0,993200.0,1418201.0,9456910.0,137,4345639.0,6297084.0,9991.0,3893.0,1.25,41.63,385.85,3512.0,0.902,1379.0,0.3927
54017,South Lawndale,9517291.0,9498337.0,9466157.0,8647266.0,10001605.0,11084355.0,12674916.0,12092675.0,10853638.0,9056096.0,9996259.0,10818655.0,123707250.0,324,186,1648418.0,1323681.0,1226368.0,773622.0,676579.0,582294.0,762597.0,737583.0,493982.0,620254.0,994970.0,1566232.0,11406580.0,348,7869444.0,7959034.0,48760.0,9857.0,1.49,64.03,1069.64,7689.0,0.7801,5435.0,0.7069
55331,South Shore,3275820.0,3078804.0,2699302.0,2640377.0,2757412.0,3264734.0,3245013.0,2878052.0,2598618.0,2899303.0,3474765.0,4231398.0,37043598.0,1908,1035,784302.0,642973.0,536504.0,310733.0,182659.0,103283.0,81391.0,78456.0,84574.0,167607.0,369734.0,642771.0,3984987.0,410,6205497.0,6228066.0,47285.0,28271.0,2.25,65.77,1007.99,23173.0,0.8197,18415.0,0.7947
56491,Uptown,4529292.0,4146613.0,3579986.0,3498339.0,4314653.0,5047177.0,5040275.0,4569352.0,3589651.0,3701922.0,5339617.0,6136746.0,53493623.0,2650,1092,819797.0,698841.0,561497.0,337535.0,242756.0,223718.0,223796.0,217929.0,139072.0,267311.0,426041.0,729948.0,4888241.0,175,6656288.0,7730900.0,41707.0,24004.0,3.58,62.53,321.89,21764.0,0.9067,15732.0,0.7228
57297,Washington Heights,1324922.0,1167278.0,1009414.0,936248.0,1086266.0,1287674.0,1196498.0,1055227.0,916207.0,985275.0,1535864.0,1588241.0,14089114.0,402,138,252742.0,211253.0,147940.0,62444.0,36787.0,17231.0,15202.0,13489.0,16458.0,32978.0,89679.0,228617.0,1124820.0,232,1110928.0,1231812.0,10248.0,4165.0,1.46,58.56,682.39,3768.0,0.9047,1343.0,0.3564
58079,Washington Park,744844.0,633904.0,585793.0,645785.0,657697.0,704173.0,695741.0,725711.0,616395.0,639798.0,738952.0,844432.0,8233225.0,324,167,174450.0,117664.0,145835.0,55555.0,28313.0,19974.0,10168.0,15850.0,12672.0,29265.0,68496.0,145735.0,823977.0,96,910782.0,845268.0,10957.0,5313.0,1.78,42.38,305.91,4103.0,0.7723,3539.0,0.8625
58316,West Elsdon,422640.0,406921.0,378449.0,362950.0,435657.0,515290.0,585408.0,514736.0,399348.0,385820.0,423937.0,505783.0,5336939.0,149,50,97409.0,81802.0,55851.0,23441.0,15245.0,10538.0,10910.0,9961.0,8549.0,13710.0,36294.0,89670.0,453380.0,106,489733.0,388667.0,6520.0,2061.0,1.41,50.45,345.72,1953.0,0.9476,701.0,0.3589
58705,West Englewood,1434643.0,1407078.0,1167426.0,1200521.0,1243158.0,1506619.0,1372891.0,1380814.0,1119224.0,1192782.0,1522534.0,1977730.0,16525420.0,521,425,319381.0,272078.0,196762.0,84500.0,44665.0,17910.0,13832.0,13361.0,17795.0,38176.0,115479.0,265187.0,1399126.0,451,1810621.0,1984673.0,20309.0,7852.0,1.51,75.08,1652.32,6012.0,0.7656,3261.0,0.5424
59903,West Garfield Park,796168.0,772640.0,741684.0,741207.0,849534.0,917316.0,990480.0,979703.0,813426.0,775854.0,846864.0,1095391.0,10320267.0,319,416,277684.0,232038.0,177434.0,71534.0,45273.0,31785.0,26086.0,26146.0,28970.0,49087.0,112196.0,256668.0,1334901.0,204,1302206.0,1729423.0,11502.0,6667.0,1.7,58.09,587.63,4012.0,0.6018,2962.0,0.7383
60421,West Lawn,1018719.0,1026378.0,928229.0,959550.0,1077261.0,1220331.0,1214439.0,1142584.0,1013185.0,958013.0,1055920.0,1301345.0,12915954.0,360,136,333200.0,281105.0,304031.0,213679.0,223705.0,219918.0,212050.0,178304.0,152327.0,207770.0,241112.0,320472.0,2887673.0,160,2954888.0,871680.0,10884.0,3309.0,1.49,52.49,600.59,3079.0,0.9305,1109.0,0.3602
61117,West Pullman,1178854.0,1207345.0,1027748.0,1057788.0,1315355.0,1290581.0,1377732.0,1361820.0,1134448.0,1396808.0,1476449.0,1728709.0,15553637.0,469,419,447728.0,393221.0,303566.0,180118.0,146688.0,110922.0,104626.0,101439.0,99371.0,136617.0,233923.0,430238.0,2688457.0,370,1272553.0,1459765.0,13561.0,5400.0,1.43,68.04,1297.08,4268.0,0.7904,1918.0,0.4493
62218,West Ridge,2127696.0,2134499.0,1966631.0,2171863.0,2850467.0,3205792.0,3029485.0,2706874.0,2198842.0,2327668.0,2806096.0,2643053.0,30168966.0,2074,505,645922.0,525241.0,414830.0,222604.0,258380.0,158575.0,164646.0,164109.0,141971.0,165811.0,310841.0,610089.0,3783019.0,376,4488213.0,4374003.0,44944.0,17764.0,1.78,50.96,1208.23,15759.0,0.887,9516.0,0.6038
63766,West Town,4841291.0,6601122.0,6448430.0,6421480.0,7285673.0,8388976.0,8805374.0,8823177.0,7254141.0,6447652.0,6990660.0,7878841.0,86186817.0,1117,519,806693.0,650920.0,513984.0,245069.0,171218.0,119144.0,97150.0,101365.0,118595.0,170560.0,308484.0,686487.0,3989669.0,600,6039841.0,5553312.0,32645.0,17057.0,1.63,59.28,1144.36,15408.0,0.9033,9982.0,0.6478
66490,Woodlawn,21798638.0,23347481.0,23118182.0,24681697.0,29156941.0,35619496.0,35512279.0,34437470.0,29240219.0,24874094.0,24066706.0,24961508.0,330814711.0,904,367,299850.0,255140.0,220757.0,108320.0,71164.0,33919.0,23011.0,25822.0,23632.0,42085.0,94876.0,209438.0,1408014.0,191,1752390.0,1899044.0,22856.0,10778.0,2.01,66.65,589.69,8716.0,0.8087,6866.0,0.7877
